,Symbol,Series,Date,Prev Close,Open Price,High Price,Low Price,Last Price,Close Price,Average Price,Total Traded Quantity,Turnover,No. of Trades,Deliverable Qty,% Dly Qt to Traded Qty,Month,Year,VWAP,Day_Perc_Change,Trend
0,MUTHOOTFIN,EQ,2017-05-15,390.7,391.0,396.5,388.5,393.0,392.45,393.38,385865,151790704.55,6893,63660,16.5,5,2017,392.45,0.0,Slight or No change
2,MUTHOOTFIN,EQ,2017-05-16,392.45,393.65,400.95,393.25,393.45,394.8,398.01,514200,204657807.2,9938,100880,19.62,5,2017,393.7925363723731,0.005988023952095967,Slight or No change
6,MUTHOOTFIN,EQ,2017-05-17,394.8,396.9,398.0,392.6,394.1,395.15,394.9,311597,123048142.65,6512,116484,37.38,5,2017,394.1416284409349,0.0008865248226950229,Slight or No change
8,MUTHOOTFIN,EQ,2017-05-18,395.15,393.0,395.45,375.1,378.85,379.2,386.45,646434,249811874.3,11171,238171,36.84,5,2017,388.94341659419104,-0.04036441857522455,Slight or No change
10,MUTHOOTFIN,EQ,2017-05-19,379.2,395.0,400.9,357.45,381.0,379.15,382.13,3211995,1227388956.65,42906,1193472,37.16,5,2017,382.73910879508867,-0.0001318565400844074,Slight or No change
12,MUTHOOTFIN,EQ,2017-05-22,379.15,382.1,393.95,380.8,386.0,385.45,386.04,1733876,669340270.15,19865,1424301,82.15,5,2017,383.4299336034404,0.01661611499406579,Slight or No change
16,MUTHOOTFIN,EQ,2017-05-23,385.45,386.65,389.75,372.05,381.7,382.85,383.44,915259,350950995.4,34400,453098,49.5,5,2017,383.3611715993287,-0.006745362563237656,Slight or No change
19,MUTHOOTFIN,EQ,2017-05-24,382.85,384.0,395.4,383.5,387.0,386.05,388.48,760640,295493960.35,16850,311133,40.9,5,2017,383.60235824481185,0.00835836489486752,Slight or No change
21,MUTHOOTFIN,EQ,2017-05-25,386.05,389.8,393.4,386.85,389.5,389.4,390.29,580979,226749448.15,15465,361210,62.17,5,2017,383.9741015103999,0.008677632431032256,Slight or No change
25,MUTHOOTFIN,EQ,2017-05-26,389.4,393.95,403.4,389.45,399.0,398.9,398.08,891020,354698808.25,18982,407907,45.78,5,2017,385.3104614863646,0.024396507447354887,Slight or No change
29,MUTHOOTFIN,EQ,2017-05-29,398.9,397.0,398.75,386.65,391.0,391.0,391.49,365945,143263174.15,8549,161197,44.05,5,2017,385.5122541314484,-0.019804462271245882,Slight or No change
32,MUTHOOTFIN,EQ,2017-05-30,391.0,392.5,396.3,382.5,395.0,395.05,393.63,248705,97896800.8,7024,117282,47.16,5,2017,385.73674490122806,0.010358056265984628,Slight or No change
34,MUTHOOTFIN,EQ,2017-05-31,395.05,395.1,415.5,394.45,412.7,412.65,410.66,1302071,534714160.35,18580,390110,29.96,5,2017,388.68932652971466,0.04455132261739014,Slight or No change
37,MUTHOOTFIN,EQ,2017-06-01,412.65,412.6,417.95,403.35,409.75,409.95,410.18,987025,404858166.75,21362,545941,55.31,6,2017,390.3216733883749,-0.0065430752453653485,Slight or No change
40,MUTHOOTFIN,EQ,2017-06-02,409.95,414.7,432.0,408.7,427.7,428.2,420.37,1522773,640123295.8,24316,657014,43.15,6,2017,394.3332572387829,0.044517624100500086,Slight or No change
43,MUTHOOTFIN,EQ,2017-06-05,428.2,428.0,439.75,426.1,434.0,433.6,433.67,1130544,490279764.5,21349,368350,32.58,6,2017,397.1956588456662,0.012610929472209431,Slight or No change
46,MUTHOOTFIN,EQ,2017-06-06,433.6,433.65,438.6,422.4,425.25,424.85,432.24,514532,222402736.7,9382,201063,39.08,6,2017,398.0836720127862,-0.020179889298893028,Slight or No change
49,MUTHOOTFIN,EQ,2017-06-07,424.85,425.3,441.6,422.8,440.0,439.2,435.58,629866,274354657.45,11382,170446,27.06,6,2017,399.6387834087917,0.03377662704483919,Slight or No change
52,MUTHOOTFIN,EQ,2017-06-08,439.2,444.0,447.45,433.6,437.0,435.55,441.02,853515,376421420.35,13915,303913,35.61,6,2017,401.3895711167994,-0.0083105646630236,Slight or No change
55,MUTHOOTFIN,EQ,2017-06-09,435.55,438.65,453.3,422.8,447.0,446.7,447.81,1619995,725442350.4,29743,604389,37.31,6,2017,405.2272507120362,0.02559981632418773,Slight or No change
58,MUTHOOTFIN,EQ,2017-06-12,446.7,455.0,455.0,445.4,450.8,449.45,449.93,1531400,689021268.35,22377,733110,47.87,6,2017,408.5054937459326,0.006156256995746512,Slight or No change
60,MUTHOOTFIN,EQ,2017-06-13,449.45,450.75,465.9,449.3,465.1,464.7,460.07,1525493,701839219.6,20158,653830,42.86,6,2017,412.36978211372843,0.03393035932806754,Slight or No change
64,MUTHOOTFIN,EQ,2017-06-14,464.7,465.9,479.4,460.35,475.35,476.9,470.28,1277514,600782957.5,16942,495848,38.81,6,2017,415.88358812872787,0.02625349687970724,Slight or No change
70,MUTHOOTFIN,EQ,2017-06-15,476.9,474.95,481.2,468.85,473.2,472.8,475.08,655299,311319116.75,11969,189019,28.84,6,2017,417.4301310693714,-0.008597190186621861,Slight or No change
73,MUTHOOTFIN,EQ,2017-06-16,472.8,473.2,481.95,470.25,473.0,471.85,475.5,494930,235340581.95,8820,157774,31.88,6,2017,418.524499814558,-0.002009306260575272,Slight or No change
77,MUTHOOTFIN,EQ,2017-06-19,471.85,473.05,476.7,455.85,459.7,459.7,463.08,486877,225464649.35,8655,183965,37.78,6,2017,419.32325370883956,-0.025749708593832854,Slight or No change
81,MUTHOOTFIN,EQ,2017-06-20,459.7,459.7,472.05,455.6,464.1,464.8,465.47,396194,184416421.4,8060,134288,33.89,6,2017,420.02997804667456,0.011094191864259306,Slight or No change
86,MUTHOOTFIN,EQ,2017-06-21,464.8,465.0,465.35,457.1,458.8,459.1,460.45,341056,157040303.05,9846,99785,29.26,6,2017,420.5457417960389,-0.01226333907056798,Slight or No change
89,MUTHOOTFIN,EQ,2017-06-22,459.1,460.0,464.8,449.2,450.5,451.15,457.14,354938,162254732.75,10543,104375,29.41,6,2017,420.9604951933594,-0.01731648878240044,Slight or No change
91,MUTHOOTFIN,EQ,2017-06-23,451.15,452.0,453.7,437.9,447.05,447.15,445.2,396801,176655232.4,13813,173780,43.8,6,2017,421.3513587576914,-0.008866230743655112,Slight or No change
96,MUTHOOTFIN,EQ,2017-06-27,447.15,446.3,447.0,434.8,436.05,436.05,438.6,562976,246923522.4,15970,227130,40.34,6,2017,421.65614279267635,-0.024823884602482305,Slight or No change
99,MUTHOOTFIN,EQ,2017-06-28,436.05,436.0,453.55,429.95,445.1,446.15,445.29,745164,331817139.65,26334,149330,20.04,6,2017,422.3104402602458,0.023162481366815646,Slight or No change
104,MUTHOOTFIN,EQ,2017-06-29,446.15,449.4,464.4,447.95,462.0,460.1,459.02,830368,381156144.9,12473,297195,35.79,6,2017,423.40280986850655,0.03126751092681834,Slight or No change
108,MUTHOOTFIN,EQ,2017-06-30,460.1,458.5,459.8,450.65,456.4,455.15,454.69,327367,148851172.2,8009,55033,16.81,6,2017,423.76053217590766,-0.010758530754183981,Slight or No change
112,MUTHOOTFIN,EQ,2017-07-03,455.15,458.0,464.7,451.6,456.05,456.55,457.86,438293,200674664.2,9383,135325,30.88,7,2017,424.2478383928579,0.003075909040975544,Slight or No change
117,MUTHOOTFIN,EQ,2017-07-04,456.55,460.0,462.0,448.0,449.75,450.6,454.74,295595,134418681.95,8448,81269,27.49,7,2017,424.5093464600667,-0.013032526557879676,Slight or No change
121,MUTHOOTFIN,EQ,2017-07-05,450.6,454.0,458.0,447.65,452.1,451.15,452.42,301216,136275692.25,4544,115980,38.5,7,2017,424.7760476882106,0.0012205947625387736,Slight or No change
125,MUTHOOTFIN,EQ,2017-07-06,451.15,454.8,458.0,445.2,445.2,446.6,450.73,546249,246209086.9,12422,302749,55.42,7,2017,425.16519346969034,-0.010085337470907563,Slight or No change
131,MUTHOOTFIN,EQ,2017-07-07,446.6,448.8,452.85,443.85,448.0,448.9,449.56,427452,192165428.2,10332,153091,35.81,7,2017,425.49181392689934,0.00515002239140161,Slight or No change
135,MUTHOOTFIN,EQ,2017-07-10,448.9,448.9,454.0,445.0,451.5,449.5,450.5,65960,29715034.2,1324,30144,45.7,7,2017,425.542687130208,0.0013366005791937141,Slight or No change
138,MUTHOOTFIN,EQ,2017-07-11,449.5,450.5,452.65,440.5,444.0,445.05,446.68,323573,144533467.8,4107,206469,63.81,7,2017,425.7433780197357,-0.009899888765294795,Slight or No change
141,MUTHOOTFIN,EQ,2017-07-12,445.05,447.5,469.55,444.1,467.95,467.75,458.67,1067168,489475801.0,16856,349590,32.76,7,2017,427.1219108815448,0.051005504999438234,Slight or No change
147,MUTHOOTFIN,EQ,2017-07-13,467.75,472.0,474.9,463.35,470.0,469.65,470.07,960481,451488902.15,15825,241647,25.16,7,2017,428.34199444281813,0.004061998931052857,Slight or No change
152,MUTHOOTFIN,EQ,2017-07-14,469.65,470.95,479.0,465.95,472.4,472.85,474.13,991986,470327639.95,18028,348535,35.14,7,2017,429.6228125266707,0.006813584584264953,Slight or No change
159,MUTHOOTFIN,EQ,2017-07-17,472.85,475.95,475.95,464.55,469.0,468.4,469.71,327343,153756010.95,10444,125438,38.32,7,2017,429.98758199376755,-0.0094110182933278,Slight or No change
164,MUTHOOTFIN,EQ,2017-07-18,468.4,466.0,476.25,460.1,468.0,468.9,472.11,488523,230638595.75,19214,270143,55.3,7,2017,430.5262954907652,0.0010674637062340064,Slight or No change
167,MUTHOOTFIN,EQ,2017-07-19,468.9,468.5,475.35,465.1,468.25,470.55,470.56,895246,421264503.95,20053,304044,33.96,7,2017,431.5165880743671,0.00351887396033268,Slight or No change
170,MUTHOOTFIN,EQ,2017-07-20,470.55,471.55,472.75,458.2,460.1,460.15,464.79,540333,251143983.15,15434,152729,28.27,7,2017,431.937897140322,-0.02210179577090643,Slight or No change
173,MUTHOOTFIN,EQ,2017-07-21,460.15,460.9,464.85,447.25,451.7,452.75,456.69,452339,206577799.65,14094,133996,29.62,7,2017,432.1911354292955,-0.016081712485059185,Slight or No change
176,MUTHOOTFIN,EQ,2017-07-24,452.75,453.05,468.9,451.45,461.9,461.35,460.99,792689,365419706.2,15709,209133,26.38,7,2017,432.79991436922666,0.018995030369961308,Slight or No change
180,MUTHOOTFIN,EQ,2017-07-25,461.35,462.0,469.8,455.85,466.1,465.95,463.49,461333,213823139.3,9797,112294,24.34,7,2017,433.1978750665643,0.009970738051370942,Slight or No change
183,MUTHOOTFIN,EQ,2017-07-26,465.95,468.9,483.4,467.0,476.15,477.65,477.3,1687894,805632649.35,29027,436136,25.84,7,2017,435.0681716534528,0.025109990342311317,Slight or No change
188,MUTHOOTFIN,EQ,2017-07-27,477.65,481.95,481.95,462.65,466.0,465.35,471.58,947528,446838131.85,13873,372516,39.31,7,2017,435.76690024725536,-0.025751072961373245,Slight or No change
194,MUTHOOTFIN,EQ,2017-07-28,465.35,465.0,474.75,462.3,467.15,467.5,469.82,568445,267066305.0,9890,51096,8.99,7,2017,436.2001763258679,0.004620178360373872,Slight or No change
198,MUTHOOTFIN,EQ,2017-07-31,467.5,468.0,480.0,467.8,474.6,474.15,473.95,889969,421799810.05,10929,304049,34.16,7,2017,436.99443597918736,0.014224598930481225,Slight or No change
203,MUTHOOTFIN,EQ,2017-08-01,474.15,474.8,476.4,469.05,470.15,470.55,472.22,289288,136606531.95,5279,61841,21.38,8,2017,437.2211760451176,-0.007592534008225127,Slight or No change
209,MUTHOOTFIN,EQ,2017-08-02,470.55,471.5,472.85,463.0,463.95,464.45,467.5,878610,410752713.7,7058,672130,76.5,8,2017,437.7687411511541,-0.012963553288704799,Slight or No change
214,MUTHOOTFIN,EQ,2017-08-03,464.45,465.0,466.75,444.85,452.6,453.9,455.03,600109,273069970.95,10716,310432,51.73,8,2017,437.9873081214205,-0.022715039293788375,Slight or No change
218,MUTHOOTFIN,EQ,2017-08-04,453.9,456.85,464.85,452.35,459.15,461.75,460.13,363852,167420326.75,6980,86192,23.69,8,2017,438.1809295203434,0.017294558272747285,Slight or No change
222,MUTHOOTFIN,EQ,2017-08-07,461.75,464.0,479.1,463.0,477.9,474.35,472.37,645228,304788996.0,9676,213473,33.08,8,2017,438.6961026063734,0.027287493232268645,Slight or No change
225,MUTHOOTFIN,EQ,2017-08-08,474.35,480.0,489.0,462.45,480.8,479.6,479.39,2443765,1171528639.5,35230,436901,17.88,8,2017,440.7897726547261,0.011067776957942366,Slight or No change
229,MUTHOOTFIN,EQ,2017-08-09,479.6,484.0,484.45,451.75,457.3,457.35,469.95,1062260,499205827.8,16992,293281,27.61,8,2017,441.1502055671911,-0.04639282735613015,Slight or No change
232,MUTHOOTFIN,EQ,2017-08-10,457.35,455.15,456.3,414.0,443.55,434.7,438.38,1501790,658349035.6,19370,844434,56.23,8,2017,440.9576535633787,-0.049524434240734716,Slight or No change
235,MUTHOOTFIN,EQ,2017-08-11,434.7,431.0,452.95,420.0,440.0,442.85,442.17,1007259,445379777.25,18434,310199,30.8,8,2017,440.99479832393604,0.018748562226823084,Slight or No change
239,MUTHOOTFIN,EQ,2017-08-14,442.85,445.0,457.15,443.8,454.5,453.9,453.31,377613,171177239.0,8593,103471,27.4,8,2017,441.0890704582833,0.024952015355086177,Slight or No change
242,MUTHOOTFIN,EQ,2017-08-16,453.9,454.5,457.7,445.25,452.0,453.75,453.13,400475,181466644.15,5958,88421,22.08,8,2017,441.1864036559022,-0.00033046926635815765,Slight or No change
248,MUTHOOTFIN,EQ,2017-08-17,453.75,456.5,466.0,454.5,465.0,463.75,462.03,520185,240339937.45,10202,138349,26.6,8,2017,441.4094889374089,0.02203856749311295,Slight or No change
252,MUTHOOTFIN,EQ,2017-08-18,463.75,461.95,467.0,451.0,462.3,464.0,461.24,504493,232693703.5,15272,88974,17.64,8,2017,441.6240453451016,0.0005390835579515141,Slight or No change
255,MUTHOOTFIN,EQ,2017-08-21,464.0,466.25,467.9,451.0,452.95,454.65,460.45,341119,157069483.8,8535,101913,29.88,8,2017,441.707163456155,-0.020150862068965547,Slight or No change
261,MUTHOOTFIN,EQ,2017-08-22,454.65,457.0,461.5,440.0,445.3,442.9,451.14,367591,165834812.25,12067,110949,30.18,8,2017,441.7153095600834,-0.02584405586715055,Slight or No change
265,MUTHOOTFIN,EQ,2017-08-23,442.9,448.9,451.3,441.6,445.0,444.45,445.04,454308,202186160.7,5852,254196,55.95,8,2017,441.7381978071682,0.003499661323097758,Slight or No change
268,MUTHOOTFIN,EQ,2017-08-24,444.45,446.0,450.0,441.0,442.35,443.25,446.54,283381,126542165.0,13151,135012,47.64,8,2017,441.7460494091046,-0.0026999662504217925,Slight or No change
272,MUTHOOTFIN,EQ,2017-08-28,443.25,444.6,457.0,442.25,450.0,453.15,453.23,718218,325517918.35,21051,387847,54.0,8,2017,441.8942073532951,0.022335025380710638,Slight or No change
276,MUTHOOTFIN,EQ,2017-08-29,453.15,448.6,457.5,447.15,451.75,453.6,454.12,428637,194653654.8,10725,140770,32.84,8,2017,441.98427098582965,0.0009930486593843213,Slight or No change
280,MUTHOOTFIN,EQ,2017-08-30,453.6,454.95,467.45,454.95,463.05,463.05,463.61,425997,197494978.4,10250,97691,22.93,8,2017,442.1441287695321,0.02083333333333326,Slight or No change
284,MUTHOOTFIN,EQ,2017-08-31,463.05,465.7,479.65,461.6,478.4,476.25,471.92,546665,257984169.35,6968,273692,50.07,8,2017,442.47305041076106,0.028506640751538637,Slight or No change
287,MUTHOOTFIN,EQ,2017-09-01,476.25,476.0,481.45,468.6,475.25,475.85,475.45,531267,252589818.6,13055,228270,42.97,9,2017,442.78297073047594,-0.0008398950131233152,Slight or No change
289,MUTHOOTFIN,EQ,2017-09-04,475.85,460.0,474.95,456.25,463.7,462.95,463.77,512020,237461553.05,14425,177477,34.66,9,2017,442.9618459507254,-0.027109383208994475,Slight or No change
293,MUTHOOTFIN,EQ,2017-09-05,462.95,462.9,473.8,460.4,466.4,466.2,466.98,588587,274858768.4,17275,245956,41.79,9,2017,443.1963919088812,0.0070201965655039,Slight or No change
298,MUTHOOTFIN,EQ,2017-09-06,466.2,463.0,511.25,460.15,505.75,505.1,497.09,2614664,1299729299.0,34515,446887,17.09,9,2017,445.852826839967,0.08344058344058358,Slight or No change
303,MUTHOOTFIN,EQ,2017-09-07,505.1,509.7,517.0,490.0,494.0,492.55,502.46,1641387,824731597.75,27821,415751,25.33,9,2017,447.0777937236889,-0.02484656503662641,Slight or No change
306,MUTHOOTFIN,EQ,2017-09-08,492.55,494.1,510.5,486.3,490.3,489.95,500.11,1477425,738874652.35,24096,356708,24.14,9,2017,448.0667310777474,-0.005278651913511401,Slight or No change
309,MUTHOOTFIN,EQ,2017-09-11,489.95,492.95,511.9,492.5,501.95,502.9,505.67,1116491,564574864.2,21887,197430,17.68,9,2017,449.0061981267023,0.026431268496785343,Slight or No change
312,MUTHOOTFIN,EQ,2017-09-12,502.9,503.0,525.5,494.0,517.55,518.05,515.64,2147310,1107247678.25,35720,454314,21.16,9,2017,451.2087271812791,0.030125273414197684,Slight or No change
314,MUTHOOTFIN,EQ,2017-09-13,518.05,523.2,525.5,504.95,507.15,508.2,517.0,1049586,542630758.4,21042,213342,20.33,9,2017,452.0837291571122,-0.019013608725026443,Slight or No change
317,MUTHOOTFIN,EQ,2017-09-14,508.2,509.0,516.05,503.0,510.0,507.75,509.39,482743,245905310.35,8873,95550,19.79,9,2017,452.4740616960808,-0.0008854781582053883,Slight or No change
319,MUTHOOTFIN,EQ,2017-09-15,507.75,507.75,510.9,499.0,503.45,507.45,505.32,950298,480206618.5,20360,376546,39.62,9,2017,453.222585059235,-0.0005908419497784312,Slight or No change
325,MUTHOOTFIN,EQ,2017-09-18,507.45,507.45,519.0,505.8,508.05,508.8,513.24,1051639,539741304.2,24566,335769,31.93,9,2017,454.0475643028546,0.002660360626662861,Slight or No change
327,MUTHOOTFIN,EQ,2017-09-19,508.8,513.8,515.65,508.0,510.5,509.9,512.45,736659,377503397.85,8341,349550,47.45,9,2017,454.6223344308869,0.0021619496855345144,Slight or No change
332,MUTHOOTFIN,EQ,2017-09-20,509.9,511.6,516.7,504.9,509.3,512.65,511.97,545670,279366134.2,13052,131615,24.12,9,2017,455.0613225384866,0.005393214355756015,Slight or No change
337,MUTHOOTFIN,EQ,2017-09-21,512.65,513.95,517.0,490.95,502.9,503.1,503.35,717922,361365097.95,13417,210450,29.31,9,2017,455.5347512714225,-0.0186286940407685,Slight or No change
339,MUTHOOTFIN,EQ,2017-09-22,503.1,500.1,503.0,485.65,487.35,488.2,494.48,727941,359950568.65,13235,253487,34.82,9,2017,455.8579355505001,-0.029616378453587777,Slight or No change
345,MUTHOOTFIN,EQ,2017-09-25,488.2,488.2,488.2,457.45,475.95,476.6,469.38,932044,437483520.6,16153,272315,29.22,9,2017,456.1174069108964,-0.023760753789430544,Slight or No change
350,MUTHOOTFIN,EQ,2017-09-26,476.6,475.5,486.3,467.8,476.3,478.4,479.58,645134,309391596.65,11404,202642,31.41,9,2017,456.30868819154256,0.003776751993285643,Slight or No change
352,MUTHOOTFIN,EQ,2017-09-27,478.4,480.75,482.9,456.2,460.75,460.6,469.74,856738,402442056.15,16884,389295,45.44,9,2017,456.35705773219865,-0.037207357859531665,Slight or No change
356,MUTHOOTFIN,EQ,2017-09-28,460.6,460.0,471.8,455.15,457.6,458.85,462.86,717862,332267728.9,22912,259716,36.18,9,2017,456.3803818184974,-0.0037993920972644313,Slight or No change
359,MUTHOOTFIN,EQ,2017-09-29,458.85,462.5,477.4,460.0,475.95,474.9,472.37,914684,432071605.1,29411,538474,58.87,9,2017,456.59855825298195,0.03497875122589078,Slight or No change
361,MUTHOOTFIN,EQ,2017-10-03,474.9,480.0,483.75,474.9,477.15,476.85,479.13,758971,363642594.7,25240,374847,49.39,10,2017,456.79460566640506,0.00410612760581186,Slight or No change
363,MUTHOOTFIN,EQ,2017-10-04,476.85,479.0,480.45,471.6,473.9,473.6,476.29,595222,283497061.35,17082,305962,51.4,10,2017,456.92123168109845,-0.006815560448778402,Slight or No change
368,MUTHOOTFIN,EQ,2017-10-05,473.6,473.9,483.4,473.9,477.0,477.25,479.02,401270,192217611.9,9294,180358,44.95,10,2017,457.02397238668533,0.007706925675675658,Slight or No change
371,MUTHOOTFIN,EQ,2017-10-06,477.25,479.9,496.95,478.0,494.0,493.65,491.84,1209931,595087282.35,15697,190130,15.71,10,2017,457.5737371893475,0.0343635411210057,Slight or No change
374,MUTHOOTFIN,EQ,2017-10-09,493.65,496.0,496.0,483.1,486.2,486.2,488.19,506118,247080349.95,8036,283268,55.97,10,2017,457.7523549388118,-0.015091664134508243,Slight or No change
377,MUTHOOTFIN,EQ,2017-10-10,486.2,486.7,493.65,484.85,491.0,491.2,490.17,331889,162682353.6,6899,82965,25.0,10,2017,457.8886541097975,0.010283833813245602,Slight or No change
381,MUTHOOTFIN,EQ,2017-10-11,491.2,494.0,499.0,478.6,481.0,482.7,488.56,667854,326283537.25,15531,242188,36.26,10,2017,458.09045354720155,-0.017304560260586355,Slight or No change
385,MUTHOOTFIN,EQ,2017-10-12,482.7,482.95,499.35,480.75,498.0,495.35,493.19,630626,311018614.05,13293,173505,27.51,10,2017,458.3744251439171,0.026206753677232353,Slight or No change
388,MUTHOOTFIN,EQ,2017-10-13,495.35,498.05,506.0,492.0,498.0,498.15,498.07,928052,462232513.0,16421,325860,35.11,10,2017,458.81559955325383,0.005652568890683218,Slight or No change
393,MUTHOOTFIN,EQ,2017-10-16,498.15,498.8,505.5,491.45,503.35,503.35,498.71,519160,258909690.45,14929,190395,36.67,10,2017,459.09021946094254,0.01043862290474773,Slight or No change
396,MUTHOOTFIN,EQ,2017-10-17,503.35,503.5,503.5,496.1,500.1,500.3,499.5,322491,161085339.35,9347,117853,36.54,10,2017,459.24747020428475,-0.0060594020065560805,Slight or No change
398,MUTHOOTFIN,EQ,2017-10-18,500.3,500.3,509.9,493.35,501.9,502.9,502.72,469502,236030071.3,16963,140983,30.03,10,2017,459.4886359847898,0.005196881870877412,Slight or No change
399,MUTHOOTFIN,EQ,2017-10-19,502.9,504.45,505.0,496.95,498.05,499.6,500.5,46582,23314327.65,1187,25693,55.16,10,2017,459.51061035293554,-0.006561940743686545,Slight or No change
400,MUTHOOTFIN,EQ,2017-10-23,499.6,497.4,504.15,491.0,497.25,499.0,498.53,556238,277302749.85,20647,281367,50.58,10,2017,459.76725968178687,-0.0012009607686149781,Slight or No change
402,MUTHOOTFIN,EQ,2017-10-24,499.0,498.95,502.3,496.3,497.55,499.1,498.92,279643,139519808.25,12435,148307,53.03,10,2017,459.8953571397086,0.00020040080160321772,Slight or No change
404,MUTHOOTFIN,EQ,2017-10-25,499.1,497.6,500.0,480.05,483.05,487.45,489.14,738808,361382492.35,30406,384523,52.05,10,2017,460.1304221172026,-0.023342015628130652,Slight or No change
405,MUTHOOTFIN,EQ,2017-10-26,487.45,484.45,491.9,471.65,485.35,486.45,485.89,1099430,534202774.6,18653,754919,68.66,10,2017,460.4603579115956,-0.002051492460765192,Slight or No change
407,MUTHOOTFIN,EQ,2017-10-27,486.45,487.25,487.35,480.1,481.0,481.2,482.49,273218,131826215.3,11749,136517,49.97,10,2017,460.5247663345634,-0.010792476102374327,Slight or No change
408,MUTHOOTFIN,EQ,2017-10-30,481.2,485.85,500.0,482.0,499.1,496.75,493.55,521196,257234133.85,16253,214906,41.23,10,2017,460.73810967617635,0.03231504571903576,Slight or No change
409,MUTHOOTFIN,EQ,2017-10-31,496.75,498.0,499.9,488.0,493.35,493.3,494.05,465670,230064945.0,12454,169661,36.43,10,2017,460.9085512191372,-0.006945143432310008,Slight or No change
411,MUTHOOTFIN,EQ,2017-11-01,493.3,496.45,514.3,492.8,512.0,511.85,507.26,708061,359168487.4,11897,171366,24.2,11,2017,461.31079254637314,0.03760389215487536,Slight or No change
413,MUTHOOTFIN,EQ,2017-11-02,511.85,514.7,518.85,496.15,506.2,506.2,510.4,589288,300770685.15,10587,165862,28.15,11,2017,461.6038613404098,-0.011038390153365274,Slight or No change
416,MUTHOOTFIN,EQ,2017-11-03,506.2,507.0,518.6,495.0,498.5,497.2,506.82,705372,357498511.35,11365,175994,24.95,11,2017,461.8798812525522,-0.017779533781114187,Slight or No change
420,MUTHOOTFIN,EQ,2017-11-06,497.2,498.5,504.35,485.75,490.5,492.3,493.51,458022,226039040.5,11566,127507,27.84,11,2017,462.0322813813422,-0.009855189058728842,Slight or No change
423,MUTHOOTFIN,EQ,2017-11-07,492.3,494.0,496.45,455.2,469.8,468.4,480.4,984576,472990670.9,16573,421907,42.85,11,2017,462.10012658624817,-0.04854763355677438,Slight or No change
427,MUTHOOTFIN,EQ,2017-11-08,468.4,469.0,482.6,465.0,476.0,474.6,474.79,713702,338856423.8,11989,180334,25.27,11,2017,462.1959269762494,0.013236549957301502,Slight or No change
431,MUTHOOTFIN,EQ,2017-11-09,474.6,483.0,494.3,480.0,491.0,490.35,487.09,1495774,728582895.2,23242,289078,19.33,11,2017,462.64100031148274,0.0331858407079646,Slight or No change
432,MUTHOOTFIN,EQ,2017-11-10,490.35,490.1,490.3,480.25,483.0,483.8,485.21,665225,322774907.35,14397,365516,54.95,11,2017,462.7887223821535,-0.013357805649026222,Slight or No change
434,MUTHOOTFIN,EQ,2017-11-13,483.8,483.0,485.5,460.0,462.4,467.05,472.79,426861,201815368.55,11899,167946,39.34,11,2017,462.80772733290877,-0.034621744522529974,Slight or No change
436,MUTHOOTFIN,EQ,2017-11-14,467.05,464.5,473.0,447.5,450.0,451.35,459.06,611364,280652784.15,14091,191275,31.29,11,2017,462.7350040470565,-0.03361524462049026,Slight or No change
438,MUTHOOTFIN,EQ,2017-11-15,451.35,450.0,450.55,425.1,429.1,430.0,436.09,780073,340180153.65,13962,309524,39.68,11,2017,462.472025828714,-0.0473025368339427,Slight or No change
439,MUTHOOTFIN,EQ,2017-11-16,430.0,432.2,462.3,431.85,460.3,458.1,449.14,1336840,600428789.65,22131,394577,29.52,11,2017,462.41265187524544,0.06534883720930229,Slight or No change
441,MUTHOOTFIN,EQ,2017-11-17,458.1,462.85,467.5,454.05,456.0,456.55,461.68,779855,360041744.3,19770,197878,25.37,11,2017,462.3665716324272,-0.003383540711635047,Slight or No change
443,MUTHOOTFIN,EQ,2017-11-20,456.55,456.0,456.4,448.0,449.75,449.7,451.11,309428,139586194.5,8633,80068,25.88,11,2017,462.3271918619046,-0.01500383309604647,Slight or No change
444,MUTHOOTFIN,EQ,2017-11-21,449.7,453.5,458.45,447.15,452.0,452.4,452.88,571696,258911833.7,11826,195104,34.13,11,2017,462.2704950581795,0.006004002668445585,Slight or No change
445,MUTHOOTFIN,EQ,2017-11-22,452.4,453.9,462.5,446.15,460.0,460.9,454.73,578267,262956610.85,12139,188894,32.67,11,2017,462.26262330931695,0.01878868258178601,Slight or No change
446,MUTHOOTFIN,EQ,2017-11-23,460.9,458.0,460.7,451.55,453.25,453.55,455.67,367833,167609374.8,14172,97249,26.44,11,2017,462.23090710949543,-0.015947060099804622,Slight or No change
449,MUTHOOTFIN,EQ,2017-11-24,453.55,454.0,456.85,449.15,450.55,451.05,452.61,401083,181532490.8,17573,167642,41.8,11,2017,462.18670201000566,-0.005512071436445831,Slight or No change
450,MUTHOOTFIN,EQ,2017-11-27,451.05,451.8,464.8,450.3,462.5,463.15,459.58,640979,294580925.55,12402,222502,34.71,11,2017,462.1927502655751,0.026826294202416445,Slight or No change
452,MUTHOOTFIN,EQ,2017-11-28,463.15,464.3,464.95,452.5,452.65,454.35,456.26,714343,325926923.6,8570,495715,69.39,11,2017,462.1382532727518,-0.019000323869156732,Slight or No change
453,MUTHOOTFIN,EQ,2017-11-29,454.35,455.4,461.25,452.0,453.2,454.2,456.67,455689,208097711.45,7413,231859,50.88,11,2017,462.1032208621161,-0.0003301419610433065,Slight or No change
455,MUTHOOTFIN,EQ,2017-11-30,454.2,453.0,455.0,438.0,442.75,442.4,442.76,843261,373365218.25,28359,421647,50.0,11,2017,461.9436169677384,-0.025979744605900468,Slight or No change
457,MUTHOOTFIN,EQ,2017-12-01,442.4,449.0,450.75,437.0,439.1,440.5,444.57,418230,185930963.55,8065,105693,25.27,12,2017,461.8578112616091,-0.0042947558770343175,Slight or No change
459,MUTHOOTFIN,EQ,2017-12-04,440.5,441.7,446.35,435.45,440.0,439.95,440.96,224599,99040005.5,5842,64481,28.71,12,2017,461.8108351015965,-0.0012485811577752637,Slight or No change
461,MUTHOOTFIN,EQ,2017-12-05,439.95,439.95,440.95,430.35,438.95,438.3,434.89,484715,210798835.65,10433,126822,26.16,12,2017,461.70253718354115,-0.0037504261847937093,Slight or No change
463,MUTHOOTFIN,EQ,2017-12-06,438.3,437.8,441.95,428.75,432.0,430.8,435.56,516737,225071954.85,8460,166374,32.2,12,2017,461.55152852151076,-0.017111567419575646,Slight or No change
464,MUTHOOTFIN,EQ,2017-12-07,430.8,433.0,437.1,431.85,433.8,434.95,434.35,267914,116368538.45,3891,119311,44.53,12,2017,461.48430190758927,0.009633240482822547,Slight or No change
465,MUTHOOTFIN,EQ,2017-12-08,434.95,435.0,446.8,435.0,439.0,439.25,441.71,457008,201863545.45,5856,148272,32.44,12,2017,461.3888645552107,0.009886193815381139,Slight or No change
467,MUTHOOTFIN,EQ,2017-12-11,439.25,439.95,444.85,436.1,438.55,437.8,439.11,411038,180490524.7,4998,214858,52.27,12,2017,461.29814797088375,-0.0033010813887307533,Slight or No change
468,MUTHOOTFIN,EQ,2017-12-12,437.8,437.95,440.9,430.0,431.6,431.45,436.06,242384,105693161.45,4240,88464,36.5,12,2017,461.2306119847472,-0.014504339881224348,Slight or No change
470,MUTHOOTFIN,EQ,2017-12-13,431.45,430.0,430.0,409.0,412.8,413.0,418.7,1325259,554880056.05,23871,418875,31.61,12,2017,460.64122895536747,-0.042762776683277326,Slight or No change
473,MUTHOOTFIN,EQ,2017-12-14,413.0,417.0,426.7,414.0,422.1,422.1,419.29,1017541,426649624.7,22595,383528,37.69,12,2017,460.2829710949357,0.02203389830508473,Slight or No change
475,MUTHOOTFIN,EQ,2017-12-15,422.1,426.0,432.4,424.9,428.0,429.65,429.13,394785,169412386.35,7583,165483,41.92,12,2017,460.17289206952256,0.01788675669272677,Slight or No change
477,MUTHOOTFIN,EQ,2017-12-18,429.65,422.55,443.95,412.25,440.75,439.85,436.45,765312,334021145.25,14644,330540,43.19,12,2017,460.03229898142087,0.023740253694868096,Slight or No change
479,MUTHOOTFIN,EQ,2017-12-19,439.85,441.95,447.25,440.75,444.0,444.6,444.47,371199,164986743.2,9526,134253,36.17,12,2017,459.9806903238897,0.010799136069114423,Slight or No change
481,MUTHOOTFIN,EQ,2017-12-20,444.6,444.6,449.8,441.1,446.0,444.75,446.57,312358,139490580.45,9484,135388,43.34,12,2017,459.937950086445,0.0003373819163292602,Slight or No change
483,MUTHOOTFIN,EQ,2017-12-21,444.75,445.0,477.0,445.0,470.15,472.2,463.1,1702236,788299884.45,29890,580247,34.09,12,2017,460.1226455767911,0.06172006745362557,Slight or No change
485,MUTHOOTFIN,EQ,2017-12-22,472.2,469.3,471.5,460.0,463.05,463.4,464.2,585421,271752914.6,11270,148352,25.34,12,2017,460.1395352500273,-0.018636171113934785,Slight or No change
488,MUTHOOTFIN,EQ,2017-12-26,463.4,465.95,472.65,459.95,463.0,463.85,467.42,578429,270371355.4,11399,173003,29.91,12,2017,460.1583328384851,0.0009710832973672812,Slight or No change
490,MUTHOOTFIN,EQ,2017-12-27,463.85,464.2,479.0,462.5,472.7,476.15,473.66,1234849,584895129.15,18720,629439,50.97,12,2017,460.32943660442595,0.02651719305810052,Slight or No change
491,MUTHOOTFIN,EQ,2017-12-28,476.15,479.7,483.95,471.15,471.65,473.85,478.28,601464,287667627.3,12103,145167,24.14,12,2017,460.39953352772665,-0.004830410584899636,Slight or No change
492,MUTHOOTFIN,EQ,2017-12-29,473.85,475.45,484.0,472.3,474.5,474.65,478.06,425163,203254181.55,6359,90757,21.35,12,2017,460.451567907311,0.0016882979845942447,Slight or No change
493,MUTHOOTFIN,EQ,2018-01-01,474.65,474.9,478.6,468.05,468.5,470.3,473.03,155817,73705611.35,3141,42246,27.11,1,2018,460.4647294557511,-0.009164647635099499,Slight or No change
496,MUTHOOTFIN,EQ,2018-01-02,470.3,471.0,474.5,450.85,458.95,458.9,462.3,599045,276938921.45,12417,171193,28.58,1,2018,460.4567311478972,-0.024239846906230156,Slight or No change
497,MUTHOOTFIN,EQ,2018-01-03,458.9,460.0,463.0,455.9,457.3,457.35,459.85,346999,159567403.4,5109,66692,19.22,1,2018,460.4475595017437,-0.003377642187840424,Slight or No change
499,MUTHOOTFIN,EQ,2018-01-04,457.35,460.9,465.0,454.5,462.3,461.95,460.04,558723,257035865.5,6958,85327,15.27,1,2018,460.4546675391876,0.01005794249480707,Slight or No change
502,MUTHOOTFIN,EQ,2018-01-05,461.95,461.95,473.95,461.9,469.25,471.65,469.68,508207,238695495.55,11682,101526,19.98,1,2018,460.5026374207037,0.02099794350037887,Slight or No change
504,MUTHOOTFIN,EQ,2018-01-08,471.65,471.65,478.3,465.55,471.0,470.35,470.54,980342,461295026.3,25051,334825,34.15,1,2018,460.58336345966245,-0.0027562811406762755,Slight or No change
506,MUTHOOTFIN,EQ,2018-01-09,470.35,473.5,476.4,468.3,470.65,471.6,471.58,459443,216663551.35,8648,247135,53.79,1,2018,460.625526453425,0.002657595407675073,Slight or No change
507,MUTHOOTFIN,EQ,2018-01-10,471.6,472.0,475.45,454.0,455.4,455.45,462.74,1038447,480529927.45,26513,444107,42.77,1,2018,460.58114014848564,-0.03424512298558102,Slight or No change
510,MUTHOOTFIN,EQ,2018-01-11,455.45,455.3,457.4,448.8,450.6,451.1,452.52,1057893,478718651.6,20695,436095,41.22,1,2018,460.4990228651455,-0.00955099352288935,Slight or No change
513,MUTHOOTFIN,EQ,2018-01-12,451.1,452.0,455.65,447.0,450.6,451.5,452.06,414216,187252227.55,8268,200577,48.42,1,2018,460.468608119972,0.0008867213478163105,Slight or No change
515,MUTHOOTFIN,EQ,2018-01-15,451.5,455.6,460.3,451.8,452.55,453.15,455.38,706309,321638680.35,16656,287408,40.69,1,2018,460.4266718800061,0.0036544850498339,Slight or No change
517,MUTHOOTFIN,EQ,2018-01-16,453.15,456.0,457.9,435.8,441.0,438.6,444.92,489050,217590430.2,12545,184632,37.75,1,2018,460.340416265432,-0.03210857332009254,Slight or No change
519,MUTHOOTFIN,EQ,2018-01-17,438.6,439.0,439.5,424.35,433.35,432.25,430.69,992590,427502861.6,15027,448575,45.19,1,2018,460.11690203562364,-0.014477884176926636,Slight or No change
522,MUTHOOTFIN,EQ,2018-01-18,432.25,436.0,444.95,425.85,430.2,431.2,436.85,468250,204554072.45,8370,131367,28.05,1,2018,460.00876374137545,-0.0024291497975709175,Slight or No change
524,MUTHOOTFIN,EQ,2018-01-19,431.2,431.2,437.8,424.55,435.5,434.25,430.8,390996,168439817.65,8769,155456,39.76,1,2018,459.9285787176834,0.007073283858998192,Slight or No change
527,MUTHOOTFIN,EQ,2018-01-22,434.25,436.0,438.7,429.55,431.5,433.25,432.2,565922,244590437.15,40482,322993,57.07,1,2018,459.80891490491484,-0.0023028209556706924,Slight or No change
529,MUTHOOTFIN,EQ,2018-01-23,433.25,434.4,442.85,432.0,435.25,435.5,436.49,612008,267134760.55,14722,255708,41.78,1,2018,459.69156986929005,0.00519330640507798,Slight or No change
531,MUTHOOTFIN,EQ,2018-01-24,435.5,436.0,437.1,424.5,426.0,427.15,429.12,693198,297467124.05,14883,320117,46.18,1,2018,459.51461205100446,-0.019173363949483435,Slight or No change
533,MUTHOOTFIN,EQ,2018-01-25,427.15,436.0,436.0,424.1,427.1,425.95,428.4,884228,378806853.8,27563,528373,59.76,1,2018,459.2833961061046,-0.002809317569940295,Slight or No change
535,MUTHOOTFIN,EQ,2018-01-29,425.95,428.1,432.1,418.15,419.5,419.8,421.68,433636,182856805.15,9411,212325,48.96,1,2018,459.150458756876,-0.014438314356145066,Slight or No change
537,MUTHOOTFIN,EQ,2018-01-30,419.8,417.0,426.8,400.75,424.9,422.25,411.22,1088278,447525893.0,22469,178159,16.37,1,2018,458.8412694182957,0.0058361124344925575,Slight or No change
538,MUTHOOTFIN,EQ,2018-01-31,422.25,422.0,422.0,407.6,413.75,415.25,414.39,471658,195451556.55,8567,126881,26.9,1,2018,458.6835426684634,-0.0165778567199526,Slight or No change
541,MUTHOOTFIN,EQ,2018-02-01,415.25,414.0,439.95,408.15,438.45,437.4,429.08,1678218,720091782.55,28130,742263,44.23,2,2018,458.41301273147184,0.05334136062612882,Slight or No change
544,MUTHOOTFIN,EQ,2018-02-02,437.4,426.7,430.95,398.35,406.0,402.1,410.72,1350410,554634308.15,20510,545596,40.4,2,2018,457.8428772556998,-0.08070416095107447,Slight or No change
547,MUTHOOTFIN,EQ,2018-02-05,402.1,395.05,402.95,387.7,396.0,396.05,396.01,1068692,423217041.9,47220,532989,49.87,2,2018,457.3517106748221,-0.015046008455608106,Slight or No change
550,MUTHOOTFIN,EQ,2018-02-06,396.05,383.8,406.55,363.5,385.0,391.7,386.45,1298227,501699842.55,18198,427793,32.95,2,2018,456.7238530522972,-0.01098346168413089,Slight or No change
553,MUTHOOTFIN,EQ,2018-02-07,391.7,396.6,409.0,392.6,402.0,402.95,400.17,688593,275553740.65,20739,257894,37.45,2,2018,456.4524586842827,0.028720959918304922,Slight or No change
554,MUTHOOTFIN,EQ,2018-02-08,402.95,407.5,438.4,403.6,431.9,430.7,424.11,1750814,742534018.6,27944,439670,25.11,2,2018,456.126180373188,0.06886710509988836,Slight or No change
556,MUTHOOTFIN,EQ,2018-02-09,430.7,425.0,438.8,413.0,423.0,421.9,428.68,1561318,669305859.5,24123,379840,24.33,2,2018,455.74379617824843,-0.020431855119572795,Slight or No change
558,MUTHOOTFIN,EQ,2018-02-12,421.9,425.0,433.9,413.0,418.5,417.55,425.46,1087669,462760000.25,22599,325442,29.92,2,2018,455.4488296871502,-0.010310500118511423,Slight or No change
560,MUTHOOTFIN,EQ,2018-02-14,417.55,420.9,426.9,418.4,419.5,420.45,422.46,596542,252017446.45,10542,173260,29.04,2,2018,455.3012107746631,0.0069452760148485115,Slight or No change
561,MUTHOOTFIN,EQ,2018-02-15,420.45,416.5,416.7,408.65,412.9,411.35,412.88,628788,259616486.9,14143,240653,38.27,2,2018,455.10667654627093,-0.021643477226780727,Slight or No change
563,MUTHOOTFIN,EQ,2018-02-16,411.35,413.4,417.0,405.25,406.2,407.7,410.68,362414,148836267.85,7466,116358,32.11,2,2018,454.98604555389693,-0.00887322231676202,Slight or No change
565,MUTHOOTFIN,EQ,2018-02-19,407.7,409.0,409.9,389.0,391.55,393.05,395.85,564500,223456766.95,12385,214012,37.91,2,2018,454.74153144592964,-0.035933284277655075,Slight or No change
566,MUTHOOTFIN,EQ,2018-02-20,393.05,393.0,393.55,378.6,380.8,380.75,383.24,1680253,643936072.7,40306,1063794,63.31,2,2018,453.88216261441204,-0.03129372853326551,Slight or No change
567,MUTHOOTFIN,EQ,2018-02-21,380.75,383.85,384.6,374.0,377.0,377.45,377.51,466980,176291686.3,10717,169496,36.3,2,2018,453.63624041961504,-0.008667104399212144,Slight or No change
568,MUTHOOTFIN,EQ,2018-02-22,377.45,379.9,379.9,369.15,372.0,370.5,372.31,609493,226919894.75,15072,290522,47.67,2,2018,453.2885742578673,-0.018413034839051545,Slight or No change
569,MUTHOOTFIN,EQ,2018-02-23,370.5,373.0,389.4,373.0,388.7,387.8,385.4,1549769,597275978.5,17037,829706,53.54,2,2018,452.5995378065175,0.046693657219972984,Slight or No change
570,MUTHOOTFIN,EQ,2018-02-26,387.8,390.0,395.8,386.0,388.25,388.5,391.46,518846,203104860.95,10966,146649,28.26,2,2018,452.37454120457255,0.0018050541516245744,Slight or No change
571,MUTHOOTFIN,EQ,2018-02-27,388.5,390.65,396.0,387.65,390.8,390.75,391.27,408611,159878994.05,7726,149748,36.65,2,2018,452.2046591688951,0.005791505791505891,Slight or No change
573,MUTHOOTFIN,EQ,2018-02-28,390.75,385.2,393.0,383.8,392.0,391.8,389.74,356419,138911799.1,7691,137042,38.45,2,2018,452.0597579849038,0.0026871401151631336,Slight or No change
575,MUTHOOTFIN,EQ,2018-03-01,391.8,392.0,395.35,386.0,388.8,388.3,390.06,502948,196182155.5,11594,270842,53.85,3,2018,451.844656814925,-0.0089331291475242,Slight or No change
576,MUTHOOTFIN,EQ,2018-03-05,388.3,390.0,391.75,381.0,387.5,387.05,385.23,486556,187437331.75,13567,191454,39.35,3,2018,451.6338765388944,-0.003219160442956448,Slight or No change
580,MUTHOOTFIN,EQ,2018-03-06,387.05,390.0,396.0,377.05,378.0,381.5,389.86,529750,206530622.05,15527,195862,36.97,3,2018,451.38635028537965,-0.014339232657279433,Slight or No change
582,MUTHOOTFIN,EQ,2018-03-07,381.5,382.4,383.0,370.15,377.75,377.75,376.54,742890,279726695.9,15298,287047,38.64,3,2018,451.0236941257418,-0.009829619921362998,Slight or No change
584,MUTHOOTFIN,EQ,2018-03-08,377.75,378.5,385.0,371.5,382.0,381.3,379.27,442524,167835734.45,8938,174327,39.39,3,2018,450.81974432447,0.009397749834546776,Slight or No change
585,MUTHOOTFIN,EQ,2018-03-09,381.3,382.5,386.5,367.1,370.75,370.65,378.35,608392,230186699.15,49670,185611,30.51,3,2018,450.4986319495491,-0.02793076317859966,Slight or No change
586,MUTHOOTFIN,EQ,2018-03-12,370.65,374.0,381.0,363.85,380.0,378.15,371.16,478850,177730180.5,24126,122349,25.55,3,2018,450.27126576115097,0.02023472278429783,Slight or No change
588,MUTHOOTFIN,EQ,2018-03-13,378.15,379.0,401.1,376.15,398.0,398.05,393.61,952319,374843901.7,27600,236332,24.82,3,2018,449.9469111880586,0.052624619859844124,Slight or No change
590,MUTHOOTFIN,EQ,2018-03-14,398.05,398.0,406.3,389.05,398.3,398.1,398.07,824299,328127359.9,32153,167772,20.35,3,2018,449.6696626622624,0.00012561236025621092,Slight or No change
593,MUTHOOTFIN,EQ,2018-03-15,398.1,398.5,406.0,392.5,394.15,397.6,400.23,874137,349855426.3,40155,340375,38.94,3,2018,449.3760532121949,-0.0012559658377292449,Slight or No change
595,MUTHOOTFIN,EQ,2018-03-16,397.6,398.0,404.0,393.4,398.0,396.65,398.76,823743,328476165.55,15129,370364,44.96,3,2018,449.09736335723335,-0.002389336016096699,Slight or No change
599,MUTHOOTFIN,EQ,2018-03-19,396.65,400.0,403.5,386.05,387.2,388.8,394.2,817041,322075653.1,15788,145764,17.84,3,2018,448.78289609488536,-0.019790747510399553,Slight or No change
601,MUTHOOTFIN,EQ,2018-03-20,388.8,386.0,398.9,386.0,389.9,389.45,393.09,655410,257635048.4,14556,66268,10.11,3,2018,448.53570730606185,0.0016718106995883275,Slight or No change
604,MUTHOOTFIN,EQ,2018-03-21,389.45,392.0,398.0,389.25,396.4,394.45,394.44,497807,196353338.8,11961,136637,27.45,3,2018,448.3651023699874,0.012838618564642523,Slight or No change
605,MUTHOOTFIN,EQ,2018-03-22,394.45,398.0,399.4,386.85,388.1,389.2,393.97,693589,273255066.05,12206,230207,33.19,3,2018,448.10621468485834,-0.013309671694764824,Slight or No change
606,MUTHOOTFIN,EQ,2018-03-23,389.2,385.0,385.0,377.65,381.0,381.4,381.76,459894,175570669.65,10704,191058,41.54,3,2018,447.9132359760822,-0.020041109969167525,Slight or No change
607,MUTHOOTFIN,EQ,2018-03-26,381.4,381.0,387.0,377.9,385.7,384.15,381.74,475925,181681774.6,6542,242213,50.89,3,2018,447.72291091757114,0.007210277923439978,Slight or No change
610,MUTHOOTFIN,EQ,2018-03-27,384.15,388.0,406.0,387.95,401.1,403.5,395.21,1011803,399874702.5,11031,362410,35.82,3,2018,447.44405287445096,0.050370948848106334,Slight or No change
611,MUTHOOTFIN,EQ,2018-03-28,403.5,400.95,412.0,399.0,405.7,407.45,407.18,933515,380106252.8,14770,247836,26.55,3,2018,447.2127200434146,0.009789343246592308,Slight or No change
613,MUTHOOTFIN,EQ,2018-04-02,407.45,408.7,416.45,400.3,416.0,413.65,408.04,1034785,422231441.25,18151,403789,39.02,4,2018,446.99889815064773,0.015216590992759738,Slight or No change
615,MUTHOOTFIN,EQ,2018-04-03,413.65,410.1,418.9,407.05,416.0,416.8,412.67,601937,248401068.35,6332,266586,44.29,4,2018,446.8873966926777,0.007615133567025367,Slight or No change
616,MUTHOOTFIN,EQ,2018-04-04,416.8,418.0,426.5,412.3,417.3,415.3,419.42,593492,248923118.55,12644,145284,24.48,4,2018,446.77282193085153,-0.0035988483685220896,Slight or No change
617,MUTHOOTFIN,EQ,2018-04-05,415.3,422.0,433.95,418.95,432.35,432.75,426.41,521511,222376192.1,7816,173764,33.32,4,2018,446.72826891331823,0.04201781844449792,Slight or No change
618,MUTHOOTFIN,EQ,2018-04-06,432.75,432.9,432.9,423.65,425.8,427.2,426.86,333690,142437829.1,5534,52730,15.8,4,2018,446.6886499435568,-0.012824956672443655,Slight or No change
620,MUTHOOTFIN,EQ,2018-04-09,427.2,426.0,431.3,423.5,426.5,425.25,427.77,447211,191302901.3,6189,112742,25.21,4,2018,446.6305163852311,-0.004564606741572996,Slight or No change
622,MUTHOOTFIN,EQ,2018-04-10,425.25,427.0,439.0,427.0,436.1,435.65,435.7,1105855,481819551.9,14673,287487,26.0,4,2018,446.5573796429468,0.02445620223398004,Slight or No change
623,MUTHOOTFIN,EQ,2018-04-11,435.65,437.0,440.4,430.6,434.95,434.15,434.66,766258,333059303.65,19297,232329,30.32,4,2018,446.50038027848774,-0.0034431309537472643,Slight or No change
624,MUTHOOTFIN,EQ,2018-04-12,434.15,435.45,435.55,422.95,428.65,428.6,429.29,348349,149541314.4,5473,86806,24.92,4,2018,446.4630736778402,-0.012783600138201012,Slight or No change
626,MUTHOOTFIN,EQ,2018-04-13,428.6,428.95,435.75,427.0,431.4,431.2,431.62,310889,134186182.7,5194,46264,14.88,4,2018,446.43473698454426,0.006066262249183385,Slight or No change
628,MUTHOOTFIN,EQ,2018-04-16,431.2,430.95,444.7,426.75,443.4,442.95,439.67,590705,259716372.25,10506,182027,30.82,4,2018,446.4224876310605,0.027249536178107547,Slight or No change
632,MUTHOOTFIN,EQ,2018-04-17,442.95,444.0,445.05,436.65,438.0,439.7,440.98,409120,180414290.1,5954,116614,28.5,4,2018,446.40616097662877,-0.007337171238288698,Slight or No change
633,MUTHOOTFIN,EQ,2018-04-18,439.7,441.4,446.6,426.5,430.0,428.85,438.48,909904,398972376.35,18926,308077,33.86,4,2018,446.3118413462117,-0.024675915396861425,Slight or No change
634,MUTHOOTFIN,EQ,2018-04-19,428.85,431.95,431.95,424.85,426.4,428.15,428.15,488115,208988329.35,7796,268269,54.96,4,2018,446.2596487209784,-0.0016322723563018116,Slight or No change
635,MUTHOOTFIN,EQ,2018-04-20,428.15,427.0,435.9,425.6,431.75,433.35,431.41,374967,161766364.15,8069,146645,39.11,4,2018,446.23121217183774,0.012145276188251897,Slight or No change
636,MUTHOOTFIN,EQ,2018-04-23,433.35,430.0,439.9,428.1,438.0,437.95,434.63,895976,389420328.95,19249,406188,45.33,4,2018,446.18785311369845,0.010614976347063543,Slight or No change
637,MUTHOOTFIN,EQ,2018-04-24,437.95,439.7,449.5,434.1,448.15,445.4,440.98,658358,290322316.3,14270,333249,50.62,4,2018,446.1848336536625,0.017011074323552977,Slight or No change
638,MUTHOOTFIN,EQ,2018-04-25,445.4,445.55,454.75,436.0,437.65,438.35,445.65,1003372,447152200.95,19991,281441,28.05,4,2018,446.139336486618,-0.015828468792096873,Slight or No change
639,MUTHOOTFIN,EQ,2018-04-26,438.35,441.0,448.0,434.0,443.05,443.45,442.24,649034,287030009.55,14282,239986,36.98,4,2018,446.1292723411203,0.011634538610699074,Slight or No change
640,MUTHOOTFIN,EQ,2018-04-27,443.45,443.5,451.4,441.05,448.95,449.35,448.28,401947,180185705.55,10793,164996,41.05,4,2018,446.13671934817336,0.013304769421580875,Slight or No change
641,MUTHOOTFIN,EQ,2018-04-30,449.35,451.7,459.0,448.0,450.0,450.85,452.64,369288,167153467.75,7180,103068,27.91,4,2018,446.1467107368955,0.003338155112940999,Slight or No change
644,MUTHOOTFIN,EQ,2018-05-02,450.85,452.8,457.35,440.25,444.55,443.8,448.25,374336,167795981.35,7127,119498,31.92,5,2018,446.14167890297585,-0.015637129865809007,Slight or No change
646,MUTHOOTFIN,EQ,2018-05-03,443.8,440.5,450.0,425.25,445.2,442.8,436.73,947412,413766550.3,17252,339655,35.85,5,2018,446.12364215311834,-0.0022532672374944163,Slight or No change
648,MUTHOOTFIN,EQ,2018-05-04,442.8,442.8,447.8,438.25,442.25,442.4,442.59,401416,177663005.2,9981,70595,17.59,5,2018,446.1151459430424,-0.0009033423667570428,Slight or No change
650,MUTHOOTFIN,EQ,2018-05-07,442.4,442.5,450.0,439.45,441.0,441.45,443.24,1004842,445389201.55,8106,777898,77.41,5,2018,446.08865166041915,-0.0021473779385171587,Slight or No change
653,MUTHOOTFIN,EQ,2018-05-08,441.45,443.0,446.8,441.0,441.45,442.8,443.71,268274,119035651.8,6795,99491,37.09,5,2018,446.0836728267858,0.003058103975535298,Slight or No change
655,MUTHOOTFIN,EQ,2018-05-09,442.8,442.0,445.85,436.15,436.45,437.3,440.94,368136,162325617.2,8028,109876,29.85,5,2018,446.06546264472894,-0.012420957542908728,Slight or No change
656,MUTHOOTFIN,EQ,2018-05-10,437.3,438.4,441.05,424.35,432.1,433.9,430.32,1040195,447619072.8,16191,595105,57.21,5,2018,445.9946131769141,-0.00777498284930267,Slight or No change
658,MUTHOOTFIN,EQ,2018-05-11,433.9,434.35,439.0,428.9,433.85,435.4,435.13,256285,111517936.8,7624,87908,34.3,5,2018,445.9794329319797,0.003457017746024471,Slight or No change
661,MUTHOOTFIN,EQ,2018-05-14,435.4,436.0,440.5,430.5,433.4,432.1,432.42,1562137,675504028.7,6739,84119,5.38,5,2018,445.85926602783496,-0.007579237482774337,Slight or No change
662,MUTHOOTFIN,EQ,2018-05-15,432.1,435.0,442.2,421.55,426.55,426.25,431.98,759321,328012069.65,7636,370740,48.83,5,2018,445.777087771836,-0.013538532747049303,Slight or No change
663,MUTHOOTFIN,EQ,2018-05-16,426.25,431.9,437.0,409.65,419.0,419.5,423.98,1638626,694747031.4,34160,587046,35.83,5,2018,445.54157349760857,-0.015835777126099737,Slight or No change
665,MUTHOOTFIN,EQ,2018-05-17,419.5,408.0,422.5,387.6,416.5,414.1,403.72,3578981,1444909441.55,53121,758162,21.18,5,2018,444.9378969464642,-0.012872467222884376,Slight or No change
666,MUTHOOTFIN,EQ,2018-05-18,414.1,416.0,426.45,409.05,410.7,411.9,416.39,958995,399313974.1,17038,315799,32.93,5,2018,444.7687980367793,-0.005312726394590794,Slight or No change
668,MUTHOOTFIN,EQ,2018-05-21,411.9,411.9,414.6,397.45,398.85,399.25,402.22,1415465,569330912.65,16547,1104951,78.06,5,2018,444.4275003042824,-0.030711337703326014,Slight or No change
671,MUTHOOTFIN,EQ,2018-05-22,399.25,398.95,406.7,393.3,396.95,396.95,398.67,557826,222391159.05,20382,240340,43.09,5,2018,444.2876225415937,-0.0057608015028177695,Slight or No change
672,MUTHOOTFIN,EQ,2018-05-23,396.95,397.0,402.95,396.55,401.6,399.4,399.76,804520,321616366.25,14707,493034,61.28,5,2018,444.0976966960672,0.006172061972540499,Slight or No change
675,MUTHOOTFIN,EQ,2018-05-24,399.4,403.0,403.85,393.45,397.4,398.85,398.2,498369,198452856.5,11574,267019,53.58,5,2018,443.9794112511442,-0.0013770655983974533,Slight or No change
678,MUTHOOTFIN,EQ,2018-05-25,398.85,399.85,404.8,397.15,398.15,399.8,400.48,574658,230138690.45,7099,290508,50.55,5,2018,443.8466393888373,0.002381847812460869,Slight or No change
680,MUTHOOTFIN,EQ,2018-05-28,399.8,402.05,405.95,397.25,400.0,399.8,402.25,1063142,427649319.05,7358,718061,67.54,5,2018,443.603098005402,0.0,Slight or No change
681,MUTHOOTFIN,EQ,2018-05-29,399.8,403.0,403.9,387.85,395.0,396.55,395.32,839344,331813188.7,15981,283924,33.83,5,2018,443.398592383566,-0.00812906453226614,Slight or No change
685,MUTHOOTFIN,EQ,2018-05-30,396.55,393.1,398.6,389.8,394.6,395.0,395.1,205617,81238286.75,3814,56193,27.33,5,2018,443.3471161656638,-0.003908712646576773,Slight or No change
686,MUTHOOTFIN,EQ,2018-05-31,395.0,395.0,399.75,387.0,387.0,389.65,393.43,371423,146129190.75,7699,165314,44.51,5,2018,443.24414845670975,-0.013544303797468404,Slight or No change
687,MUTHOOTFIN,EQ,2018-06-01,389.65,390.0,395.8,380.35,383.5,383.65,388.22,484523,188101947.05,8613,125226,25.85,6,2018,443.0954473191333,-0.01539843449249323,Slight or No change
688,MUTHOOTFIN,EQ,2018-06-04,383.65,384.75,385.55,369.05,377.8,374.55,377.39,593758,224080893.9,15982,278738,46.94,6,2018,442.8864896021511,-0.02371953603544885,Slight or No change
690,MUTHOOTFIN,EQ,2018-06-05,374.55,375.0,383.5,371.6,382.8,380.6,376.37,779013,293196000.55,15524,392146,50.34,6,2018,442.6383618436929,0.016152716593245353,Slight or No change
692,MUTHOOTFIN,EQ,2018-06-06,380.6,384.0,384.4,378.5,379.85,380.15,380.68,588475,224020688.05,4700,355129,60.35,6,2018,442.45088009690534,-0.0011823436678929378,Slight or No change
694,MUTHOOTFIN,EQ,2018-06-07,380.15,380.0,386.95,378.9,385.6,385.0,384.28,1377155,529218147.1,21483,977554,70.98,6,2018,442.05031536686437,0.012758121794028687,Slight or No change
695,MUTHOOTFIN,EQ,2018-06-08,385.0,385.0,395.0,381.0,390.0,391.75,389.89,379792,148076940.25,7510,80755,21.26,6,2018,441.9537824456281,0.01753246753246751,Slight or No change
696,MUTHOOTFIN,EQ,2018-06-11,391.75,392.0,398.0,388.0,395.0,395.15,394.45,430195,169689891.6,5358,232685,54.09,6,2018,441.8522599736437,0.008679004467134543,Slight or No change
698,MUTHOOTFIN,EQ,2018-06-12,395.15,396.0,398.45,393.65,395.35,395.55,395.48,800613,316627682.3,4926,95949,11.98,6,2018,441.666097961561,0.00101227382006841,Slight or No change
699,MUTHOOTFIN,EQ,2018-06-13,395.55,395.8,399.45,386.2,388.0,388.1,394.21,1133271,446750254.4,9320,765117,67.51,6,2018,441.3629704209826,-0.018834534192895935,Slight or No change
700,MUTHOOTFIN,EQ,2018-06-14,388.1,384.0,390.05,382.15,385.55,385.2,385.31,458136,176523366.0,11621,191714,41.85,6,2018,441.2347805518075,-0.007472300953362598,Slight or No change
702,MUTHOOTFIN,EQ,2018-06-15,385.2,387.9,390.6,383.75,388.9,387.1,387.38,384864,149087735.0,5013,198626,51.61,6,2018,441.1311802646684,0.004932502596054045,Slight or No change
704,MUTHOOTFIN,EQ,2018-06-18,387.1,387.9,394.2,386.0,390.0,390.15,391.22,280823,109864548.5,4765,62236,22.16,6,2018,441.0600893956001,0.007879101007491451,Slight or No change
706,MUTHOOTFIN,EQ,2018-06-19,390.15,390.5,391.0,384.05,387.2,387.05,387.03,401947,155567245.95,11688,256285,63.76,6,2018,440.95250506947394,-0.007945661924900538,Slight or No change
708,MUTHOOTFIN,EQ,2018-06-20,387.05,385.9,392.0,385.9,387.55,388.0,388.89,226364,88030334.1,8271,86090,38.03,6,2018,440.8931698885553,0.0024544632476424244,Slight or No change
709,MUTHOOTFIN,EQ,2018-06-21,388.0,387.0,388.95,375.45,380.6,379.8,383.22,307097,117685795.1,5015,123614,40.25,6,2018,440.80043846402845,-0.021134020618556626,Slight or No change
711,MUTHOOTFIN,EQ,2018-06-22,379.8,378.25,387.0,374.9,383.05,384.05,383.58,2100797,805816745.1,6221,1776485,84.56,6,2018,440.21722737560157,0.011190100052659302,Slight or No change
713,MUTHOOTFIN,EQ,2018-06-25,384.05,381.0,384.6,378.8,380.0,380.9,381.4,511730,195175382.75,3293,378297,73.93,6,2018,440.0691091940302,-0.008202057023825149,Slight or No change
714,MUTHOOTFIN,EQ,2018-06-26,380.9,379.0,394.7,376.8,393.95,393.0,385.85,526578,203177488.5,10852,224007,42.54,6,2018,439.9484748824642,0.03176686794434236,Slight or No change
715,MUTHOOTFIN,EQ,2018-06-27,393.0,395.1,395.1,380.25,385.2,385.45,384.4,408459,157011793.5,5848,149702,36.65,6,2018,439.8403458168356,-0.0192111959287532,Slight or No change
716,MUTHOOTFIN,EQ,2018-06-28,385.45,383.0,386.75,370.7,374.1,374.3,377.52,765949,289163151.2,7914,464914,60.7,6,2018,439.59740225806536,-0.02892722791542346,Slight or No change
718,MUTHOOTFIN,EQ,2018-06-29,374.3,378.0,384.4,376.65,379.0,379.5,380.17,295285,112257551.2,5397,139008,47.08,6,2018,439.51164444045014,0.013892599519102378,Slight or No change
719,MUTHOOTFIN,EQ,2018-07-02,379.5,379.05,388.8,374.0,386.3,386.05,380.15,347874,132244555.65,7526,160919,46.26,7,2018,439.4219198611351,0.017259552042160786,Slight or No change
721,MUTHOOTFIN,EQ,2018-07-03,386.05,385.8,391.85,380.05,389.5,388.35,386.63,207448,80205957.2,5757,87522,42.19,7,2018,439.3708571171492,0.005957777489962401,Slight or No change
722,MUTHOOTFIN,EQ,2018-07-04,388.35,388.3,399.7,383.4,396.35,397.35,395.98,637813,252564209.9,11980,183618,28.79,7,2018,439.2420802053146,0.023174971031286296,Slight or No change
723,MUTHOOTFIN,EQ,2018-07-05,397.35,398.0,414.4,398.0,408.85,409.25,409.41,1570323,642909989.65,27961,331181,21.09,7,2018,439.0174796684363,0.029948408204353738,Slight or No change
725,MUTHOOTFIN,EQ,2018-07-06,409.25,410.25,415.0,403.1,407.5,404.55,408.11,527736,215372206.45,9044,89113,16.89,7,2018,438.9309530280373,-0.011484422724496013,Slight or No change
727,MUTHOOTFIN,EQ,2018-07-09,404.55,404.0,413.8,404.0,412.0,408.5,409.33,412848,168992991.65,5681,93563,22.66,7,2018,438.8713075851601,0.00976393523668273,Slight or No change
728,MUTHOOTFIN,EQ,2018-07-10,408.5,413.05,423.0,410.45,418.0,418.65,418.71,739337,309567907.95,11600,171118,23.14,7,2018,438.80057794044836,0.024847001223990084,Slight or No change
730,MUTHOOTFIN,EQ,2018-07-11,418.65,418.0,418.0,407.0,408.0,407.85,411.29,495324,203723236.4,7340,241891,48.83,7,2018,438.7282191303245,-0.025797205302758752,Slight or No change
731,MUTHOOTFIN,EQ,2018-07-12,407.85,411.0,413.9,400.0,405.0,404.1,406.5,312133,126882954.25,4235,90775,29.08,7,2018,438.67727856299075,-0.009194556822361144,Slight or No change
732,MUTHOOTFIN,EQ,2018-07-13,404.1,402.0,404.15,390.1,393.0,393.0,396.08,191545,75867346.45,4426,58472,30.53,7,2018,438.63608085124565,-0.027468448403860535,Slight or No change
733,MUTHOOTFIN,EQ,2018-07-16,393.0,394.9,395.0,379.15,391.0,388.0,381.89,1743538,665835861.1,9425,1215321,69.7,7,2018,438.2237530351264,-0.012722646310432517,Slight or No change
735,MUTHOOTFIN,EQ,2018-07-17,388.0,388.8,405.2,385.45,404.05,403.8,398.28,299703,119365297.2,6698,72805,24.29,7,2018,438.1756366522025,0.04072164948453616,Slight or No change
736,MUTHOOTFIN,EQ,2018-07-18,403.8,408.0,409.0,392.25,402.8,400.5,399.99,367340,146932260.55,6913,37699,10.26,7,2018,438.11120057648156,-0.008172362555720736,Slight or No change
739,MUTHOOTFIN,EQ,2018-07-19,400.5,404.0,404.0,386.1,386.1,389.25,392.09,235039,92155822.45,5272,91734,39.03,7,2018,438.0577897456722,-0.028089887640449396,Slight or No change
742,MUTHOOTFIN,EQ,2018-07-20,389.25,388.7,393.9,377.05,391.9,389.85,386.05,867368,334844717.6,13984,279606,32.24,7,2018,437.86410407400314,0.0015414258188826135,Slight or No change
743,MUTHOOTFIN,EQ,2018-07-23,389.85,392.7,398.0,387.55,396.5,395.25,391.43,909896,356157204.35,8208,383717,42.17,7,2018,437.68525140990073,0.013851481338976512,Slight or No change
744,MUTHOOTFIN,EQ,2018-07-24,395.25,395.5,413.75,395.3,407.7,409.65,406.32,515047,209271580.25,15622,142613,27.69,7,2018,437.6188050690729,0.036432637571157445,Slight or No change
745,MUTHOOTFIN,EQ,2018-07-25,409.65,412.0,412.3,391.0,391.0,393.25,398.34,1107143,441024241.85,10948,610156,55.11,7,2018,437.393902614064,-0.04003417551568411,Slight or No change
746,MUTHOOTFIN,EQ,2018-07-26,393.25,391.0,412.8,386.7,409.5,408.2,400.5,2762257,1106287835.45,32797,1992515,72.13,7,2018,437.0293073391809,0.0380165289256198,Slight or No change
748,MUTHOOTFIN,EQ,2018-07-27,408.2,408.15,414.8,392.2,412.35,412.4,409.13,900578,368452101.95,24765,424175,47.1,7,2018,436.9294307731899,0.010289073983341446,Slight or No change
749,MUTHOOTFIN,EQ,2018-07-30,412.4,412.6,414.55,402.85,411.0,410.4,408.17,512570,209217548.5,20943,219471,42.82,7,2018,436.86834079474505,-0.004849660523763344,Slight or No change
751,MUTHOOTFIN,EQ,2018-07-31,410.4,411.0,412.55,401.1,403.8,404.55,406.24,650997,264462039.85,11305,336771,51.73,7,2018,436.7740979012036,-0.014254385964912242,Slight or No change
752,MUTHOOTFIN,EQ,2018-08-01,404.55,404.55,408.4,396.5,399.9,400.7,402.22,331885,133489252.1,14595,105803,31.88,8,2018,436.7205480203845,-0.009516747002842774,Slight or No change
754,MUTHOOTFIN,EQ,2018-08-02,400.7,400.7,408.95,396.35,404.5,403.85,402.36,746798,300483183.15,10430,287937,38.56,8,2018,436.6111178029153,0.00786124282505618,Slight or No change
757,MUTHOOTFIN,EQ,2018-08-03,403.85,405.8,418.0,405.0,412.8,413.15,414.57,820646,340214451.15,11451,160323,19.54,8,2018,436.52560210694753,0.023028352110932238,Slight or No change
761,MUTHOOTFIN,EQ,2018-08-06,413.15,413.25,432.7,411.3,425.9,425.2,425.72,996856,424381130.0,23461,221012,22.17,8,2018,436.4756773058784,0.029166162410746654,Slight or No change
763,MUTHOOTFIN,EQ,2018-08-07,425.2,427.8,431.3,417.3,420.0,420.1,423.0,467110,197589456.85,7438,177330,37.96,8,2018,436.44192177766985,-0.011994355597365836,Slight or No change
766,MUTHOOTFIN,EQ,2018-08-08,420.1,421.0,427.7,416.0,420.65,419.95,421.84,543828,229410936.95,8551,53883,9.91,8,2018,436.4024380361787,-0.00035705784337070057,Slight or No change
768,MUTHOOTFIN,EQ,2018-08-09,419.95,420.0,428.0,420.0,426.1,426.3,424.88,534304,227013767.25,8815,77636,14.53,8,2018,436.3787308645918,0.01512084771996669,Slight or No change
770,MUTHOOTFIN,EQ,2018-08-10,426.3,430.0,430.0,409.8,415.0,413.2,418.76,469306,196527181.5,7134,92599,19.73,8,2018,436.33105301789595,-0.03072953319258742,Slight or No change
771,MUTHOOTFIN,EQ,2018-08-13,413.2,411.6,416.05,405.2,413.5,411.3,410.73,282779,116146907.45,9196,90255,31.92,8,2018,436.30006746795857,-0.0045982575024200445,Slight or No change
774,MUTHOOTFIN,EQ,2018-08-14,411.3,411.0,412.5,398.1,410.5,410.65,405.46,537090,217770406.45,16472,153468,28.57,8,2018,436.23990181697803,-0.00158035497204001,Slight or No change
776,MUTHOOTFIN,EQ,2018-08-16,410.65,407.5,415.9,405.3,409.0,411.8,411.32,239443,98487919.5,4356,52459,21.91,8,2018,436.2143712340463,0.002800438329477739,Slight or No change
778,MUTHOOTFIN,EQ,2018-08-17,411.8,415.0,415.0,404.5,405.65,405.5,408.11,315217,128642445.8,7046,85765,27.21,8,2018,436.17219055625077,-0.01529868868382711,Slight or No change
779,MUTHOOTFIN,EQ,2018-08-20,405.5,403.7,407.95,390.0,398.0,398.6,397.74,899544,357784733.7,13334,218792,24.32,8,2018,436.0255167675156,-0.017016029593094895,Slight or No change
780,MUTHOOTFIN,EQ,2018-08-21,398.6,398.6,408.2,394.85,404.65,406.2,401.55,415093,166678742.5,8134,103798,25.01,8,2018,435.9718858363358,0.019066733567486116,Slight or No change
783,MUTHOOTFIN,EQ,2018-08-23,406.2,406.0,410.9,402.4,409.2,408.7,407.44,416629,169752513.8,12226,166780,40.03,8,2018,435.9227539424928,0.00615460364352538,Slight or No change
785,MUTHOOTFIN,EQ,2018-08-24,408.7,405.0,411.3,403.5,406.2,407.4,407.59,340424,138755055.25,8741,118911,34.93,8,2018,435.8808290810265,-0.0031808172253486866,Slight or No change
788,MUTHOOTFIN,EQ,2018-08-27,407.4,407.0,412.85,404.65,410.6,410.2,409.84,499392,204672829.7,11641,148208,29.68,8,2018,435.8255736225115,0.0068728522336769515,Slight or No change
791,MUTHOOTFIN,EQ,2018-08-28,410.2,410.75,412.0,405.45,409.7,409.35,409.2,249326,102024149.55,4505,69453,27.86,8,2018,435.79716362226634,-0.0020721599219891695,Slight or No change
792,MUTHOOTFIN,EQ,2018-08-29,409.35,409.3,415.3,407.55,410.7,409.7,411.36,291857,120058381.25,4096,83399,28.58,8,2018,435.76442378383814,0.0008550140466592193,Slight or No change
794,MUTHOOTFIN,EQ,2018-08-30,409.7,410.5,413.2,406.7,409.0,409.1,409.7,248167,101673696.6,4010,110001,44.33,8,2018,435.7360101805702,-0.0014644862094214117,Slight or No change
796,MUTHOOTFIN,EQ,2018-08-31,409.1,410.85,414.85,403.7,408.25,409.4,407.96,394622,160988208.1,6921,123635,31.33,8,2018,435.6914603474803,0.0007333170373990949,Slight or No change
798,MUTHOOTFIN,EQ,2018-09-03,409.4,414.8,414.8,402.1,403.45,404.3,406.87,601928,244908569.8,11359,283757,47.14,9,2018,435.6106714403243,-0.01245725451880797,Slight or No change
799,MUTHOOTFIN,EQ,2018-09-04,404.3,404.0,408.6,398.0,403.9,399.85,402.48,813483,327409803.95,10235,288422,35.46,9,2018,435.48672275987406,-0.011006678209250498,Slight or No change
801,MUTHOOTFIN,EQ,2018-09-05,399.85,405.0,442.4,401.25,441.85,436.8,428.68,10490368,4496972357.8,125338,2010814,19.17,9,2018,435.5429108862424,0.09240965362010756,Slight or No change
803,MUTHOOTFIN,EQ,2018-09-06,436.8,442.0,457.95,435.05,450.6,450.85,448.75,5393398,2420278545.75,83663,794213,14.73,9,2018,435.87237107706596,0.03216575091575091,Slight or No change
806,MUTHOOTFIN,EQ,2018-09-07,450.85,449.9,470.0,445.1,469.0,467.05,462.02,2905981,1342610099.1,44674,431350,14.84,9,2018,436.22978893226355,0.03593212820228464,Slight or No change
807,MUTHOOTFIN,EQ,2018-09-10,467.05,468.8,474.35,451.0,453.4,453.35,461.62,1917524,885161739.55,39520,714346,37.25,9,2018,436.3583227621912,-0.029333047853548844,Slight or No change
809,MUTHOOTFIN,EQ,2018-09-11,453.35,453.3,455.95,434.05,438.5,436.95,440.83,2537875,1118778028.0,52389,955140,37.64,9,2018,436.3641441764378,-0.03617514061983018,Slight or No change
813,MUTHOOTFIN,EQ,2018-09-12,436.95,438.5,459.1,437.15,453.0,451.1,447.6,2184014,977555012.05,30930,607259,27.8,9,2018,436.48786491705823,0.03238356791394903,Slight or No change
814,MUTHOOTFIN,EQ,2018-09-14,451.1,452.55,459.45,446.15,456.4,455.45,452.83,931658,421878895.45,14659,131783,14.14,9,2018,436.5555359529154,0.009643094657503903,Slight or No change
816,MUTHOOTFIN,EQ,2018-09-17,455.45,454.0,456.8,445.2,450.0,449.5,451.6,724591,327228301.8,15997,176456,24.35,9,2018,436.5913647589036,-0.013064002634756822,Slight or No change
818,MUTHOOTFIN,EQ,2018-09-18,449.5,446.0,454.0,441.25,446.9,444.05,448.7,410766,184308921.2,6196,72286,17.6,9,2018,436.60304974682737,-0.012124582869855405,Slight or No change
821,MUTHOOTFIN,EQ,2018-09-19,444.05,447.8,475.0,447.65,464.15,460.0,464.48,3901764,1812307368.05,53998,690120,17.69,9,2018,436.94611717666805,0.035919378448372896,Slight or No change
824,MUTHOOTFIN,EQ,2018-09-21,460.0,464.15,479.35,414.0,448.7,457.35,453.31,4126022,1870386743.7,59413,948509,22.99,9,2018,437.25766250526806,-0.005760869565217375,Slight or No change
827,MUTHOOTFIN,EQ,2018-09-24,457.35,452.0,453.0,427.5,430.45,431.55,436.06,1143852,498790515.4,25588,225720,19.73,9,2018,437.23360389578613,-0.05641193834043956,Slight or No change
830,MUTHOOTFIN,EQ,2018-09-25,431.55,430.45,438.75,413.0,426.95,427.65,426.31,2146742,915178498.6,34014,295659,13.77,9,2018,437.1583846461367,-0.009037191518943444,Slight or No change
832,MUTHOOTFIN,EQ,2018-09-26,427.65,430.0,437.6,415.0,431.7,432.7,426.4,1234890,526560250.65,23819,327493,26.52,9,2018,437.13834593838436,0.011808722085817847,Slight or No change
834,MUTHOOTFIN,EQ,2018-09-27,432.7,434.0,437.85,410.0,415.0,416.0,421.96,1784895,753149523.65,23177,500846,28.06,9,2018,437.0019079439741,-0.03859486942454349,Slight or No change
836,MUTHOOTFIN,EQ,2018-09-28,416.0,420.0,421.1,385.85,397.5,403.4,406.26,2024932,822650006.3,42936,568298,28.07,9,2018,436.75764506042617,-0.030288461538461542,Slight or No change
837,MUTHOOTFIN,EQ,2018-10-01,403.4,395.5,443.7,388.25,422.0,425.95,407.31,1048343,426996729.5,20373,245244,23.39,10,2018,436.7171234970721,0.0558998512642539,Slight or No change
839,MUTHOOTFIN,EQ,2018-10-03,425.95,415.0,422.7,403.4,405.0,407.1,410.87,1176176,483257918.35,23123,299711,25.48,10,2018,436.59306004315476,-0.04425402042493243,Slight or No change
841,MUTHOOTFIN,EQ,2018-10-04,407.1,405.0,407.55,390.0,393.15,396.5,398.08,837063,333215628.9,17339,213002,25.45,10,2018,436.4738910559865,-0.026037828543355457,Slight or No change
844,MUTHOOTFIN,EQ,2018-10-05,396.5,397.15,405.5,378.5,380.0,383.7,394.53,896852,353837991.15,17068,227022,25.31,10,2018,436.30636015154977,-0.03228247162673392,Slight or No change
847,MUTHOOTFIN,EQ,2018-10-08,383.7,379.7,389.35,366.7,383.0,380.1,380.04,901859,342739227.75,15407,242336,26.87,10,2018,436.12750766466496,-0.009382329945269663,Slight or No change
850,MUTHOOTFIN,EQ,2018-10-09,380.1,384.0,385.0,356.0,371.95,373.05,369.55,1208718,446686862.0,21943,299599,24.79,10,2018,435.85963884528593,-0.018547750591949463,Slight or No change
853,MUTHOOTFIN,EQ,2018-10-10,373.05,375.0,410.0,375.0,404.5,404.85,404.48,3176911,1285010801.35,64469,1401622,44.12,10,2018,435.51734126948026,0.08524326497788492,Slight or No change
856,MUTHOOTFIN,EQ,2018-10-11,404.85,380.0,407.0,378.45,401.8,397.25,399.08,1265923,505209024.05,23598,287259,22.69,10,2018,435.34975764835235,-0.0187723848338891,Slight or No change
858,MUTHOOTFIN,EQ,2018-10-12,397.25,407.7,410.15,397.15,400.6,402.8,405.04,826244,334665098.85,27868,202679,24.53,10,2018,435.2569865912433,0.013971050975456256,Slight or No change
859,MUTHOOTFIN,EQ,2018-10-15,402.8,403.0,408.05,398.4,399.2,401.0,403.37,494367,199411725.0,12305,133274,26.96,10,2018,435.19866691859335,-0.004468718967229446,Slight or No change
860,MUTHOOTFIN,EQ,2018-10-16,401.0,403.0,407.7,401.25,404.05,404.8,404.79,384079,155471277.55,15609,134255,34.96,10,2018,435.1585139630148,0.009476309226932766,Slight or No change
861,MUTHOOTFIN,EQ,2018-10-17,404.8,410.0,412.2,397.6,402.0,402.6,402.51,482188,194085269.35,9478,104585,21.69,10,2018,435.1046120966449,-0.005434782608695676,Slight or No change
863,MUTHOOTFIN,EQ,2018-10-19,402.6,397.0,404.45,367.2,380.35,379.4,382.93,1103180,422445479.2,21926,413574,37.49,10,2018,434.89441896596804,-0.05762543467461512,Slight or No change
865,MUTHOOTFIN,EQ,2018-10-22,379.4,385.0,406.45,378.0,402.0,399.4,397.82,1170557,465675329.05,21338,147889,12.63,10,2018,434.752872750812,0.05271481286241442,Slight or No change
866,MUTHOOTFIN,EQ,2018-10-23,399.4,395.0,406.65,389.0,395.0,396.35,399.55,712818,284804438.0,18054,223817,31.4,10,2018,434.65984026561074,-0.007636454682022897,Slight or No change
867,MUTHOOTFIN,EQ,2018-10-24,396.35,398.8,403.25,389.9,396.0,396.15,398.09,715085,284671462.4,19309,208259,29.12,10,2018,434.56647883982583,-0.0005046045162104829,Slight or No change
868,MUTHOOTFIN,EQ,2018-10-25,396.15,394.7,394.7,382.0,390.0,388.95,388.42,2497249,969969464.45,20584,338615,13.56,10,2018,434.1835128085853,-0.018174933737220678,Slight or No change
869,MUTHOOTFIN,EQ,2018-10-26,388.95,388.95,400.15,387.0,393.4,398.75,395.55,594563,235181575.5,35612,243637,40.98,10,2018,434.1128287424527,0.025196040622188054,Slight or No change
870,MUTHOOTFIN,EQ,2018-10-29,398.75,406.15,408.0,392.05,404.0,403.3,401.81,896203,360103347.0,23831,448072,50.0,10,2018,434.0204560743654,0.011410658307209998,Slight or No change
872,MUTHOOTFIN,EQ,2018-10-30,403.3,403.3,404.95,390.0,398.5,395.7,394.99,965128,381216913.4,27240,347082,35.96,10,2018,433.89713954846627,-0.018844532606000497,Slight or No change
874,MUTHOOTFIN,EQ,2018-10-31,395.7,402.4,411.75,386.65,409.1,409.35,399.04,1231070,491243564.0,36258,473877,38.49,10,2018,433.7967911819136,0.03449583017437452,Slight or No change
875,MUTHOOTFIN,EQ,2018-11-01,409.35,412.3,432.45,410.0,425.85,427.3,424.8,896552,380853019.25,17272,243493,27.16,11,2018,433.7775066093908,0.0438500061072431,Slight or No change
876,MUTHOOTFIN,EQ,2018-11-02,427.3,430.0,445.75,430.0,436.5,436.4,440.32,802111,353189225.65,17402,255786,31.89,11,2018,433.78445257607234,0.021296512988532523,Slight or No change
877,MUTHOOTFIN,EQ,2018-11-05,436.4,436.5,458.5,435.0,442.5,441.45,448.34,1312400,588401552.4,26252,348342,26.54,11,2018,433.8175287464394,0.011571952337305236,Slight or No change
878,MUTHOOTFIN,EQ,2018-11-06,441.45,443.9,457.0,439.5,443.5,444.6,447.35,675165,302036635.0,13642,140222,20.77,11,2018,433.84141076715457,0.007135575942915473,Slight or No change
879,MUTHOOTFIN,EQ,2018-11-07,444.6,444.6,449.8,444.6,446.3,447.4,447.45,73291,32793771.4,1308,28966,39.52,11,2018,433.8446699114285,0.006297795771479819,Slight or No change
880,MUTHOOTFIN,EQ,2018-11-09,447.4,447.9,469.5,444.0,468.0,460.8,454.51,915869,416273946.8,20482,217420,23.74,11,2018,433.9253959922002,0.029950827000447156,Slight or No change
882,MUTHOOTFIN,EQ,2018-11-12,460.8,463.65,465.6,450.0,452.0,452.0,457.6,668444,305877116.45,22832,231992,34.71,11,2018,433.96481643068176,-0.01909722222222221,Slight or No change
883,MUTHOOTFIN,EQ,2018-11-13,452.0,449.9,454.4,442.3,451.0,450.65,448.78,671312,301273090.95,36844,330433,49.22,11,2018,434.00128282436896,-0.002986725663716827,Slight or No change
884,MUTHOOTFIN,EQ,2018-11-14,450.65,451.3,469.0,450.1,457.0,460.0,458.28,724692,332112162.35,11831,178426,24.62,11,2018,434.06247830654775,0.02074780872073667,Slight or No change
885,MUTHOOTFIN,EQ,2018-11-15,460.0,459.0,470.0,452.1,466.3,467.55,461.95,535083,247179145.65,11111,180605,33.75,11,2018,434.1205766851576,0.016413043478261002,Slight or No change
886,MUTHOOTFIN,EQ,2018-11-16,467.55,469.7,469.7,453.3,461.35,460.9,460.67,515117,237299633.65,12898,177337,34.43,11,2018,434.16522881771436,-0.014223077745695756,Slight or No change
887,MUTHOOTFIN,EQ,2018-11-19,460.9,458.1,472.9,457.6,462.4,461.1,465.4,428383,199369039.0,9770,73865,17.24,11,2018,434.2025262404159,0.0004339336081580214,Slight or No change
888,MUTHOOTFIN,EQ,2018-11-20,461.1,464.0,466.2,450.0,454.8,453.05,457.6,505017,231096136.5,11080,144295,28.57,11,2018,434.2332436129077,-0.017458252006072428,Slight or No change
889,MUTHOOTFIN,EQ,2018-11-21,453.05,451.35,455.45,446.0,453.25,452.8,450.35,848601,382170931.55,16449,241615,28.47,11,2018,434.2839516459474,-0.0005518154729058367,Slight or No change
890,MUTHOOTFIN,EQ,2018-11-22,452.8,453.2,461.85,452.1,455.4,453.85,456.57,538913,246050039.3,13094,190806,35.41,11,2018,434.31782875713685,0.0023189045936395924,Slight or No change
891,MUTHOOTFIN,EQ,2018-11-26,453.85,455.05,461.45,448.0,457.55,459.05,454.69,369859,168173019.0,6625,96263,26.03,11,2018,434.3471827553558,0.011457530020932083,Slight or No change
892,MUTHOOTFIN,EQ,2018-11-27,459.05,459.0,465.8,450.75,461.4,462.15,460.77,670377,308888007.9,15442,305265,45.54,11,2018,434.4068647696069,0.006753077006862007,Slight or No change
894,MUTHOOTFIN,EQ,2018-11-28,462.15,458.25,466.3,450.3,452.4,452.35,457.45,477504,218432879.5,14286,133241,27.9,11,2018,434.43425825977977,-0.02120523639510974,Slight or No change
896,MUTHOOTFIN,EQ,2018-11-29,452.35,455.3,456.7,435.05,446.8,445.6,443.64,973918,432064322.5,24834,378617,38.88,11,2018,434.46891851681187,-0.014922073615563192,Slight or No change
897,MUTHOOTFIN,EQ,2018-11-30,445.6,450.0,454.85,442.25,451.5,452.6,449.14,702937,315714916.75,22693,269262,38.31,11,2018,434.50944976588613,0.01570915619389579,Slight or No change
898,MUTHOOTFIN,EQ,2018-12-03,452.6,453.0,461.5,446.05,448.35,448.3,453.58,284847,129200647.3,6207,49900,17.52,12,2018,434.5219307803566,-0.009500662836942175,Slight or No change
899,MUTHOOTFIN,EQ,2018-12-04,448.3,448.3,456.3,441.15,447.75,445.3,449.13,717442,322225802.5,12246,240234,33.48,12,2018,434.5464437287867,-0.006691947356680772,Slight or No change
900,MUTHOOTFIN,EQ,2018-12-05,445.3,445.6,451.55,440.0,445.0,447.35,446.66,474259,211833518.05,19557,197785,41.7,12,2018,434.56566408978574,0.004603637996856147,Slight or No change
901,MUTHOOTFIN,EQ,2018-12-06,447.35,444.0,454.4,389.3,444.0,420.65,417.18,7106208,2964584886.45,117552,1146759,16.14,12,2018,434.25954055191784,-0.059684810551022816,Slight or No change
902,MUTHOOTFIN,EQ,2018-12-07,420.65,431.05,483.7,431.05,472.75,471.3,464.34,13228672,6142607635.2,182013,1264471,9.56,12,2018,435.7167330896014,0.12040889100202068,Slight or No change
903,MUTHOOTFIN,EQ,2018-12-10,471.3,454.8,488.8,449.9,467.0,464.15,472.04,7586556,3581157890.65,115129,747809,9.86,12,2018,436.3440778788486,-0.015170804158709972,Slight or No change
904,MUTHOOTFIN,EQ,2018-12-11,464.15,460.1,475.3,456.25,472.85,469.55,466.28,1990904,928309022.35,43058,170500,8.56,12,2018,436.5352362749533,0.011634169988150367,Slight or No change
905,MUTHOOTFIN,EQ,2018-12-12,469.55,472.85,482.9,470.0,475.25,478.0,476.64,1408268,671242363.6,28093,171794,12.2,12,2018,436.7033979957943,0.017995953572569556,Slight or No change
906,MUTHOOTFIN,EQ,2018-12-13,478.0,478.0,483.0,473.25,480.0,481.3,478.2,1227007,586752991.45,22113,402849,32.83,12,2018,436.8604268840026,0.00690376569037654,Slight or No change
907,MUTHOOTFIN,EQ,2018-12-14,481.3,477.0,484.35,465.6,472.25,471.55,473.59,950903,450336114.45,16493,154160,16.21,12,2018,436.95482915528083,-0.020257635570330335,Slight or No change
908,MUTHOOTFIN,EQ,2018-12-17,471.55,472.0,484.2,471.55,476.6,477.95,478.94,990385,474334421.25,25426,296798,29.97,12,2018,437.0706948392564,0.013572261690170562,Slight or No change
909,MUTHOOTFIN,EQ,2018-12-18,477.95,476.0,485.55,473.0,483.1,483.8,479.98,971500,466303709.3,20911,285633,29.4,12,2018,437.1998904672847,0.01223977403494092,Slight or No change
910,MUTHOOTFIN,EQ,2018-12-19,483.8,488.0,510.0,483.0,504.95,503.35,500.51,4420035,2212290042.7,84076,1492187,33.76,12,2018,438.02164689059043,0.040409260024803606,Slight or No change
911,MUTHOOTFIN,EQ,2018-12-20,503.35,497.5,511.2,497.5,500.0,499.5,504.36,1887351,951900527.7,31651,467371,24.76,12,2018,438.3460344062387,-0.007648753352538007,Slight or No change
913,MUTHOOTFIN,EQ,2018-12-21,499.5,501.0,505.0,484.75,487.65,486.6,492.38,1550585,763481855.7,23963,549644,35.45,12,2018,438.5543104120738,-0.02582582582582582,Slight or No change
914,MUTHOOTFIN,EQ,2018-12-24,486.6,488.0,501.55,486.35,494.1,494.35,496.67,1352810,671894735.9,23661,261390,19.32,12,2018,438.7636328328217,0.01592683929305383,Slight or No change
915,MUTHOOTFIN,EQ,2018-12-26,494.35,496.0,504.5,478.4,497.25,499.45,494.43,1577695,780067358.65,32164,543548,34.45,12,2018,439.02799328630005,0.010316577323758347,Slight or No change
916,MUTHOOTFIN,EQ,2018-12-27,499.45,501.7,504.9,491.45,492.55,493.1,497.01,895299,444975922.7,12168,322754,36.05,12,2018,439.16133027092195,-0.01271398538392221,Slight or No change
917,MUTHOOTFIN,EQ,2018-12-28,493.1,496.9,510.7,495.3,504.55,504.5,505.55,1509008,762878299.95,36714,624139,41.36,12,2018,439.4317700532105,0.023119042790509026,Slight or No change
918,MUTHOOTFIN,EQ,2018-12-31,504.5,507.65,518.6,503.65,518.0,516.0,512.62,1775209,910011069.25,28249,361385,20.36,12,2018,439.8027900418611,0.02279484638255691,Slight or No change
920,MUTHOOTFIN,EQ,2019-01-01,516.0,516.0,517.7,510.8,511.55,512.5,513.32,573931,294611144.55,8853,75719,13.19,1,2019,439.91649955531994,-0.006782945736434121,Slight or No change
921,MUTHOOTFIN,EQ,2019-01-02,512.5,513.5,515.55,498.0,502.0,502.25,506.2,973749,492911651.9,16897,221207,22.72,1,2019,440.08148168908536,-0.020000000000000018,Slight or No change
922,MUTHOOTFIN,EQ,2019-01-03,502.25,503.1,505.8,494.1,496.65,495.75,499.5,482416,240964438.9,8639,87590,18.16,1,2019,440.15438221128693,-0.012941762070681984,Slight or No change
923,MUTHOOTFIN,EQ,2019-01-04,495.75,498.35,508.8,489.7,499.5,501.95,499.68,1409156,704123054.45,31707,467072,33.15,1,2019,440.38986432003145,0.012506303580433586,Slight or No change
924,MUTHOOTFIN,EQ,2019-01-07,501.95,508.35,515.0,498.85,513.0,513.4,509.37,1073922,547027780.35,17473,398068,37.07,1,2019,440.60128021942097,0.022811036955872055,Slight or No change
925,MUTHOOTFIN,EQ,2019-01-08,513.4,511.65,531.0,510.1,516.45,517.0,521.1,2800412,1459290322.85,43348,839409,29.97,1,2019,441.1738424931417,0.0070120763537202535,Slight or No change
926,MUTHOOTFIN,EQ,2019-01-09,517.0,522.0,522.7,509.05,517.25,516.75,515.15,817662,421220550.45,20536,276641,33.83,1,2019,441.3388577317694,-0.0004835589941972751,Slight or No change
927,MUTHOOTFIN,EQ,2019-01-10,516.75,516.7,529.9,515.7,524.0,524.55,524.34,1543255,809184801.85,31005,483711,31.34,1,2019,441.6803639013374,0.015094339622641506,Slight or No change
928,MUTHOOTFIN,EQ,2019-01-11,524.55,522.5,545.35,522.2,537.0,537.95,532.39,1436280,764657367.05,28426,414743,28.88,1,2019,442.04667674583544,0.025545705843103894,Slight or No change
929,MUTHOOTFIN,EQ,2019-01-14,537.95,534.95,538.5,528.0,530.7,531.65,532.66,613762,326929238.75,11848,85180,13.88,1,2019,442.19213629029093,-0.011711125569290992,Slight or No change
930,MUTHOOTFIN,EQ,2019-01-15,531.65,532.0,543.4,531.2,540.0,541.65,539.88,806950,435659120.2,26091,256728,31.81,1,2019,442.4039616318414,0.018809367064798188,Slight or No change
931,MUTHOOTFIN,EQ,2019-01-16,541.65,540.8,544.0,532.15,535.5,537.15,537.03,820323,440535421.55,21268,283157,34.52,1,2019,442.6086526745633,-0.008307947936859628,Slight or No change
932,MUTHOOTFIN,EQ,2019-01-17,537.15,536.1,539.85,528.65,532.15,533.4,533.51,688271,367200787.85,12893,253807,36.88,1,2019,442.77292723505747,-0.006981290142418328,Slight or No change
933,MUTHOOTFIN,EQ,2019-01-18,533.4,533.4,536.8,524.65,527.4,527.6,530.46,635070,336878043.75,13122,256099,40.33,1,2019,442.91431050024835,-0.010873640794900608,Slight or No change
934,MUTHOOTFIN,EQ,2019-01-21,527.6,526.2,548.9,523.5,545.25,544.95,538.99,813797,438631142.75,11747,215644,26.5,1,2019,443.13177258425003,0.03288476118271433,Slight or No change
935,MUTHOOTFIN,EQ,2019-01-22,544.95,544.95,549.75,535.05,542.0,542.4,542.27,757767,410911106.65,13985,143769,18.97,1,2019,443.3283801877947,-0.0046793283787505136,Slight or No change
936,MUTHOOTFIN,EQ,2019-01-23,542.4,543.7,548.0,537.65,539.95,541.7,542.04,679777,368466710.75,15177,253367,37.27,1,2019,443.5028497635631,-0.0012905604719762875,Slight or No change
937,MUTHOOTFIN,EQ,2019-01-24,541.7,539.0,549.4,539.0,540.8,541.1,544.51,685146,373068078.2,17954,160520,23.43,1,2019,443.67700159039276,-0.001107624146206465,Slight or No change
938,MUTHOOTFIN,EQ,2019-01-25,541.1,541.05,546.45,532.5,536.75,534.5,539.56,417368,225196734.35,13526,144150,34.54,1,2019,443.77561839719243,-0.012197375716133885,Slight or No change
939,MUTHOOTFIN,EQ,2019-01-28,534.5,538.0,538.0,502.65,513.4,509.05,516.03,2100474,1083911787.7,32355,1213642,57.78,1,2019,444.13037400686153,-0.0476145930776426,Slight or No change
940,MUTHOOTFIN,EQ,2019-01-29,509.05,509.05,517.95,491.3,500.0,495.45,499.03,1244124,620858996.5,24843,270039,21.71,1,2019,444.2950463098195,-0.026716432570474402,Slight or No change
941,MUTHOOTFIN,EQ,2019-01-30,495.45,497.4,503.8,491.55,499.0,500.5,497.17,452304,224871594.6,12034,94072,20.8,1,2019,444.3605358739282,0.01019275406196396,Slight or No change
942,MUTHOOTFIN,EQ,2019-01-31,500.5,500.0,505.3,495.0,504.0,499.45,500.4,1024259,512537622.4,14555,592912,57.89,1,2019,444.50551350016644,-0.002097902097902171,Slight or No change
943,MUTHOOTFIN,EQ,2019-02-01,499.45,500.45,511.9,482.0,492.0,492.55,498.45,1079351,538000721.65,21046,327937,30.38,2,2019,444.63838326680866,-0.013815196716387979,Slight or No change
944,MUTHOOTFIN,EQ,2019-02-04,492.55,493.0,505.0,483.2,500.0,502.05,495.72,498204,246971182.2,16834,69732,14.0,2,2019,444.7115768272624,0.0192873819916759,Slight or No change
945,MUTHOOTFIN,EQ,2019-02-05,502.05,501.0,504.0,493.85,497.85,498.8,498.46,396252,197514876.8,7716,56097,14.16,2,2019,444.7663668554317,-0.006473458818842759,Slight or No change
946,MUTHOOTFIN,EQ,2019-02-06,498.8,496.0,510.15,472.6,484.05,484.95,493.68,2498632,1233518011.0,53514,516695,20.68,2,2019,445.0214090390563,-0.02776663993584605,Slight or No change
947,MUTHOOTFIN,EQ,2019-02-07,484.95,491.9,531.9,484.95,517.0,516.25,513.75,4153472,2133860724.8,79418,1048816,25.25,2,2019,445.7650583023457,0.06454273636457364,Slight or No change
948,MUTHOOTFIN,EQ,2019-02-08,516.25,516.0,527.0,508.65,518.25,518.25,518.43,2129475,1103982660.5,71845,771220,36.22,2,2019,446.1509846162224,0.0038740920096851372,Slight or No change
949,MUTHOOTFIN,EQ,2019-02-11,518.25,518.25,520.75,502.45,504.5,505.1,510.62,910606,464969504.05,23988,343019,37.67,2,2019,446.2848916717381,-0.025373854317414346,Slight or No change
950,MUTHOOTFIN,EQ,2019-02-12,505.1,505.5,515.85,505.25,514.5,512.85,511.94,647541,331501965.35,19728,187070,28.89,2,2019,446.39224347531933,0.015343496337358875,Slight or No change
951,MUTHOOTFIN,EQ,2019-02-13,512.85,514.5,523.0,509.4,509.55,511.1,516.54,572617,295781526.65,19614,174232,30.43,2,2019,446.4843938468672,-0.003412303792531879,Slight or No change
952,MUTHOOTFIN,EQ,2019-02-14,511.1,507.0,529.75,507.0,527.9,527.15,521.91,1131695,590646557.1,30780,464724,41.06,2,2019,446.71079242308804,0.03140285658383868,Slight or No change
953,MUTHOOTFIN,EQ,2019-02-15,527.15,526.0,530.5,510.6,517.5,518.25,519.05,918950,476979876.7,31221,232780,25.33,2,2019,446.87346084785503,-0.016883240064497707,Slight or No change
954,MUTHOOTFIN,EQ,2019-02-18,518.25,522.0,525.85,515.0,519.5,520.4,521.56,555956,289965956.65,23782,206069,37.07,2,2019,446.97446861564276,0.004148576941630511,Slight or No change
955,MUTHOOTFIN,EQ,2019-02-19,520.4,520.0,528.5,516.0,517.9,518.95,522.76,639503,334304454.5,26542,168958,26.42,2,2019,447.0880251060906,-0.002786318216756234,Slight or No change
956,MUTHOOTFIN,EQ,2019-02-20,518.95,517.9,525.0,515.8,520.0,519.2,519.97,504918,262543695.2,17319,161903,32.07,2,2019,447.1777415569488,0.00048174197899597537,Slight or No change
957,MUTHOOTFIN,EQ,2019-02-21,519.2,520.0,538.35,520.0,535.0,534.35,531.48,1727824,918298511.45,37693,420844,24.36,2,2019,447.5472944495954,0.02917950693374416,Slight or No change
958,MUTHOOTFIN,EQ,2019-02-22,534.35,537.6,542.0,526.6,537.1,535.25,536.57,1716682,921114404.15,55877,475515,27.7,2,2019,447.9151490931901,0.001684289323476973,Slight or No change
959,MUTHOOTFIN,EQ,2019-02-25,535.25,537.0,542.7,533.0,535.0,536.65,537.85,869664,467748179.45,20263,276244,31.76,2,2019,448.1032960899042,0.002615600186828493,Slight or No change
960,MUTHOOTFIN,EQ,2019-02-26,536.65,534.0,535.9,519.15,526.05,525.95,526.88,678123,357292040.15,21681,158378,23.36,2,2019,448.2317900864739,-0.019938507407062156,Slight or No change
961,MUTHOOTFIN,EQ,2019-02-27,525.95,527.95,534.9,513.5,517.0,516.85,523.25,890471,465941222.95,17489,256157,28.77,2,2019,448.38019661106125,-0.017302024907310587,Slight or No change
962,MUTHOOTFIN,EQ,2019-02-28,516.85,527.0,530.0,514.95,530.0,528.0,522.62,768101,401422243.35,17138,275274,35.84,2,2019,448.5284565471472,0.021572990229273392,Slight or No change
963,MUTHOOTFIN,EQ,2019-03-01,528.0,528.3,536.3,528.3,529.65,530.7,531.41,677044,359787681.95,32400,302018,44.61,3,2019,448.6631078222707,0.005113636363636376,Slight or No change
964,MUTHOOTFIN,EQ,2019-03-05,530.7,525.0,578.85,525.0,567.3,569.55,560.24,2520463,1412053944.75,58097,647847,25.7,3,2019,449.39608488636816,0.07320520067834924,Slight or No change
965,MUTHOOTFIN,EQ,2019-03-06,569.55,570.0,576.85,558.25,565.0,567.65,567.7,968467,549798068.4,23831,230407,23.79,3,2019,449.67095059725494,-0.003335966991484418,Slight or No change
966,MUTHOOTFIN,EQ,2019-03-07,567.65,565.0,578.0,560.65,574.0,572.8,572.34,513822,294081931.9,17129,81159,15.8,3,2019,449.8226061062878,0.009072491852373687,Slight or No change
967,MUTHOOTFIN,EQ,2019-03-08,572.8,574.9,586.5,568.05,572.5,570.9,577.55,1469812,848886356.9,25950,210181,14.3,3,2019,450.24769755841515,-0.0033170391061452253,Slight or No change
968,MUTHOOTFIN,EQ,2019-03-11,570.9,573.5,598.0,572.2,594.0,594.0,589.73,2761767,1628687631.25,60616,1204491,43.61,3,2019,451.18981218232176,0.040462427745664886,Slight or No change
969,MUTHOOTFIN,EQ,2019-03-12,594.0,597.5,605.9,588.3,592.8,592.75,598.91,1125370,673998399.55,24795,224481,19.95,3,2019,451.5668458333351,-0.002104377104377053,Slight or No change
970,MUTHOOTFIN,EQ,2019-03-13,592.75,596.0,603.2,590.05,593.2,591.95,596.07,879215,524071035.1,36253,287960,32.75,3,2019,451.85835416784516,-0.0013496415014760954,Slight or No change
971,MUTHOOTFIN,EQ,2019-03-14,591.95,597.0,612.9,592.15,597.0,595.5,604.29,1980768,1196956122.2,56721,349515,17.65,3,2019,452.52720291240564,0.005997128135822205,Slight or No change
972,MUTHOOTFIN,EQ,2019-03-15,595.5,598.0,606.8,593.5,594.35,596.9,599.17,2331463,1396933979.15,78988,1067926,45.8,3,2019,453.31416544643184,0.0023509655751468017,Slight or No change
973,MUTHOOTFIN,EQ,2019-03-18,596.9,600.0,605.3,591.2,595.15,595.7,596.47,508042,303032060.15,20574,92729,18.25,3,2019,453.4830893139363,-0.0020103869994972934,Slight or No change
974,MUTHOOTFIN,EQ,2019-03-19,595.7,599.4,603.15,594.05,596.95,597.65,599.2,822797,493018248.95,16005,137824,16.75,3,2019,453.7595601040946,0.0032734597951988853,Slight or No change
975,MUTHOOTFIN,EQ,2019-03-20,597.65,600.0,600.0,589.55,593.8,593.2,594.25,413943,245987326.35,12807,110905,26.79,3,2019,453.8939607789188,-0.007445829498870515,Slight or No change
976,MUTHOOTFIN,EQ,2019-03-22,593.2,595.0,601.9,591.35,595.6,594.35,595.39,681777,405923364.55,27514,207670,30.46,3,2019,454.1165817273775,0.0019386378961563366,Slight or No change
977,MUTHOOTFIN,EQ,2019-03-25,594.35,592.5,593.7,584.6,591.8,591.25,589.48,448632,264457901.4,7575,74874,16.69,3,2019,454.2594593096857,-0.0052157819466644995,Slight or No change
978,MUTHOOTFIN,EQ,2019-03-26,591.25,593.5,601.95,592.0,594.9,595.9,598.55,796801,476925002.85,10810,390449,49.0,3,2019,454.52107578278793,0.007864693446088866,Slight or No change
979,MUTHOOTFIN,EQ,2019-03-27,595.9,600.0,603.2,589.15,593.0,593.95,599.16,1402151,840119332.15,21900,920467,65.65,3,2019,454.97279233822934,-0.0032723611344184222,Slight or No change
980,MUTHOOTFIN,EQ,2019-03-28,593.95,598.4,613.7,596.05,611.85,609.95,607.46,2419862,1469971417.6,53667,768247,31.75,3,2019,455.83449074628714,0.02693829446923135,Slight or No change
981,MUTHOOTFIN,EQ,2019-03-29,609.95,614.9,624.7,612.0,614.0,615.6,617.89,1639109,1012788707.75,37871,498108,30.39,3,2019,456.4339437625702,0.009263054348717104,Slight or No change
982,MUTHOOTFIN,EQ,2019-04-01,615.6,618.0,622.5,612.2,614.0,614.1,617.23,681175,420443044.5,13649,153585,22.55,4,2019,456.67940591279176,-0.002436647173489237,Slight or No change
983,MUTHOOTFIN,EQ,2019-04-02,614.1,617.0,623.9,608.4,620.1,617.1,615.71,985966,607073148.8,29204,418142,42.41,4,2019,457.0400942710473,0.00488519785051289,Slight or No change
984,MUTHOOTFIN,EQ,2019-04-03,617.1,617.65,631.9,605.1,612.0,609.5,623.68,1703701,1062565681.8,35190,851739,49.99,4,2019,457.63012560780527,-0.012315670069680817,Slight or No change
985,MUTHOOTFIN,EQ,2019-04-04,609.5,613.1,617.6,603.75,608.0,606.3,611.04,596132,364262484.45,10149,178352,29.92,4,2019,457.8311754598444,-0.005250205086136273,Slight or No change
986,MUTHOOTFIN,EQ,2019-04-05,606.3,608.0,622.95,604.0,622.0,617.05,612.43,880829,539445332.8,18594,230146,26.13,4,2019,458.14868548533434,0.01773049645390068,Slight or No change
987,MUTHOOTFIN,EQ,2019-04-08,617.05,628.9,628.9,610.4,613.5,613.65,618.18,814441,503467522.0,14855,166626,20.46,4,2019,458.4348824815653,-0.005510088323474549,Slight or No change
988,MUTHOOTFIN,EQ,2019-04-09,613.65,613.65,616.15,601.7,614.0,613.55,608.67,606254,369010689.8,15642,94208,15.54,4,2019,458.64710210412517,-0.000162959341644342,Slight or No change
989,MUTHOOTFIN,EQ,2019-04-10,613.55,612.0,618.0,606.95,610.15,610.1,611.33,354806,216903049.5,6450,75631,21.32,4,2019,458.768272838133,-0.0056230136093227134,Slight or No change
990,MUTHOOTFIN,EQ,2019-04-11,610.1,604.0,614.8,595.25,610.0,610.75,606.73,1216659,738189409.55,21811,136548,11.22,4,2019,459.18408731723895,0.0010653991148992237,Slight or No change
991,MUTHOOTFIN,EQ,2019-04-12,610.75,610.0,619.85,610.0,617.45,615.75,616.28,1170077,721095959.95,25756,393909,33.67,4,2019,459.59496239659114,0.008186655751125649,Slight or No change
992,MUTHOOTFIN,EQ,2019-04-15,615.75,616.05,621.9,608.9,609.3,610.65,615.35,628357,386657173.25,9731,310214,49.37,4,2019,459.80754523101086,-0.008282582216808776,Slight or No change
993,MUTHOOTFIN,EQ,2019-04-16,610.65,615.8,615.8,610.0,613.85,613.85,612.94,242338,148539648.15,4998,41351,17.06,4,2019,459.89110799925277,0.005240317694260366,Slight or No change
994,MUTHOOTFIN,EQ,2019-04-18,613.85,614.0,623.95,613.25,617.0,616.25,618.32,731261,452152270.9,16854,224903,30.76,4,2019,460.1466342646001,0.003909749938910023,Slight or No change
995,MUTHOOTFIN,EQ,2019-04-22,616.25,615.0,615.0,585.5,587.05,589.3,597.69,621370,371387708.6,9288,201784,32.47,4,2019,460.32573356904305,-0.04373225152129823,Slight or No change
996,MUTHOOTFIN,EQ,2019-04-23,589.3,592.9,597.8,585.1,588.6,586.85,591.28,550635,325578993.4,12134,161111,29.26,4,2019,460.4810230976868,-0.00415747497030361,Slight or No change
997,MUTHOOTFIN,EQ,2019-04-24,586.85,590.0,596.6,582.35,587.0,586.7,587.08,423140,248415238.95,14855,131098,30.98,4,2019,460.5999565016328,-0.00025560194257467916,Slight or No change
998,MUTHOOTFIN,EQ,2019-04-25,586.7,586.95,596.6,572.9,581.25,580.15,586.06,1035248,606721311.3,22810,417910,40.37,4,2019,460.8749289594543,-0.01116413840122732,Slight or No change
999,MUTHOOTFIN,EQ,2019-04-26,580.15,581.7,594.8,573.4,590.25,592.05,584.4,959856,560939113.3,18859,372321,38.79,4,2019,461.1540723031601,0.020511936568128997,Slight or No change
1000,MUTHOOTFIN,EQ,2019-04-30,592.05,587.15,600.5,579.25,597.1,597.0,592.11,740162,438256129.95,18655,255849,34.57,4,2019,461.3766241585247,0.008360780339498497,Slight or No change
1001,MUTHOOTFIN,EQ,2019-05-02,597.0,593.7,605.0,589.4,594.1,594.95,598.94,639544,383047561.55,18188,229142,35.83,5,2019,461.565437990627,-0.0034338358458960716,Slight or No change
1002,MUTHOOTFIN,EQ,2019-05-03,594.95,593.4,609.9,592.2,599.5,599.65,601.4,449155,270122209.85,9377,116118,25.85,5,2019,461.7023854277468,0.00789982351458085,Slight or No change
1003,MUTHOOTFIN,EQ,2019-05-06,599.65,596.8,603.35,589.0,593.0,593.3,594.18,232454,138118766.5,4584,70298,30.24,5,2019,461.7698964570633,-0.010589510547819647,Slight or No change
1004,MUTHOOTFIN,EQ,2019-05-07,593.3,594.9,599.15,563.6,568.8,566.4,578.0,759832,439183357.05,15596,272169,35.82,5,2019,461.9450569928356,-0.04533962582167539,Slight or No change
1005,MUTHOOTFIN,EQ,2019-05-08,566.4,560.5,570.1,556.3,561.15,561.45,562.94,1326524,746758894.55,35516,542060,40.86,5,2019,462.235027852906,-0.008739406779660897,Slight or No change
1006,MUTHOOTFIN,EQ,2019-05-09,561.45,564.0,571.75,560.15,568.0,566.45,567.45,590369,335002091.95,11667,178710,30.27,5,2019,462.3700128074176,0.008905512512245028,Slight or No change
1007,MUTHOOTFIN,EQ,2019-05-10,566.45,569.95,581.75,567.65,573.0,573.1,575.15,729308,419464833.75,21678,197512,27.08,5,2019,462.5469070010857,0.011739782858151582,Slight or No change
1008,MUTHOOTFIN,EQ,2019-05-13,573.1,570.8,571.05,542.75,551.75,547.25,556.08,905359,503449535.4,17060,105280,11.63,5,2019,462.71455447727,-0.04510556621881001,Slight or No change
